year,host_city,host_country,season,country,noc_code,region,gdp_tier,population_million,sports_investment,athletes_sent,gold,silver,bronze,total_medals,medal_points,medal_efficiency_pct,top_sport,host_nation
1992,Barcelona,Spain,Summer,United States,USA,North America,High,335,High,287,9,24,15,48,90,16.725,Fencing,0
1992,Barcelona,Spain,Summer,China,CHN,Asia,High,1411,High,220,8,10,11,29,55,13.182,Diving,0
1992,Barcelona,Spain,Summer,Russia,RUS,Europe,Medium,144,High,171,7,8,10,25,47,14.62,Cycling,0
1992,Barcelona,Spain,Summer,Great Britain,GBR,Europe,High,67,High,139,9,5,7,21,44,15.108,Pentathlon,0
1992,Barcelona,Spain,Summer,Germany,GER,Europe,High,84,High,143,10,2,3,15,37,10.49,Table Tennis,0
1992,Barcelona,Spain,Summer,Australia,AUS,Oceania,High,26,High,106,7,3,2,12,29,11.321,Handball,0
1992,Barcelona,Spain,Summer,France,FRA,Europe,High,68,High,91,7,7,5,19,40,20.879,Canoe/Kayak,0
1992,Barcelona,Spain,Summer,Japan,JPN,Asia,High,125,High,98,5,5,6,16,31,16.327,Taekwondo,0
1992,Barcelona,Spain,Summer,South Korea,KOR,Asia,High,52,Medium,80,6,1,3,10,23,12.5,Equestrian,0
1992,Barcelona,Spain,Summer,Italy,ITA,Europe,High,59,Medium,91,2,4,3,9,17,9.89,Rugby Sevens,0
1992,Barcelona,Spain,Summer,Netherlands,NED,Europe,High,18,Medium,85,0,2,1,3,5,3.529,Equestrian,0
1992,Barcelona,Spain,Summer,Hungary,HUN,Europe,Medium,10,High,60,2,2,5,9,15,15.0,Triathlon,0
1992,Barcelona,Spain,Summer,Norway,NOR,Europe,High,5,High,63,2,0,2,4,8,6.349,Badminton,0
1992,Barcelona,Spain,Summer,Canada,CAN,North America,High,38,Medium,50,2,3,0,5,12,10.0,Diving,0
1992,Barcelona,Spain,Summer,New Zealand,NZL,Oceania,High,5,Medium,37,1,1,1,3,6,8.108,Canoe/Kayak,0
1992,Barcelona,Spain,Summer,Cuba,CUB,North America,Low,11,High,11,0,0,1,1,1,9.091,Equestrian,0
1992,Barcelona,Spain,Summer,Kenya,KEN,Africa,Low,55,Medium,20,0,0,2,2,2,10.0,Rugby Sevens,0
1992,Barcelona,Spain,Summer,Brazil,BRA,South America,Medium,215,Medium,23,0,0,2,2,2,8.696,Boxing,0
1992,Barcelona,Spain,Summer,Spain,ESP,Europe,High,47,Medium,38,0,1,0,1,2,2.632,Football/Soccer,1
1992,Barcelona,Spain,Summer,Ukraine,UKR,Europe,Medium,44,Medium,10,1,1,0,2,5,20.0,Rowing,0
1992,Barcelona,Spain,Summer,Sweden,SWE,Europe,High,10,Medium,10,0,1,0,1,2,10.0,Pentathlon,0
1992,Barcelona,Spain,Summer,Denmark,DEN,Europe,High,6,Medium,22,0,0,2,2,2,9.091,Hockey (Field),0
1992,Barcelona,Spain,Summer,Switzerland,SUI,Europe,High,9,Medium,24,2,2,1,5,11,20.833,Shooting,0
1992,Barcelona,Spain,Summer,Austria,AUT,Europe,High,9,Medium,38,0,1,0,1,2,2.632,Diving,0
1992,Barcelona,Spain,Summer,Belgium,BEL,Europe,High,11,Low,30,0,0,1,1,1,3.333,Sport Climbing,0
1992,Barcelona,Spain,Summer,Poland,POL,Europe,Medium,38,Medium,29,2,2,1,5,11,17.241,Weightlifting,0
1992,Barcelona,Spain,Summer,Romania,ROU,Europe,Medium,19,Medium,16,0,0,1,1,1,6.25,Badminton,0
1992,Barcelona,Spain,Summer,Jamaica,JAM,North America,Low,3,Medium,11,0,3,0,3,6,27.273,Equestrian,0
1992,Barcelona,Spain,Summer,India,IND,Asia,Medium,1400,Low,16,0,1,1,2,3,12.5,Judo,0
1992,Barcelona,Spain,Summer,South Africa,RSA,Africa,Medium,60,Low,20,1,0,0,1,3,5.0,Fencing,0
1992,Barcelona,Spain,Summer,Argentina,ARG,South America,Medium,46,Low,12,0,2,0,2,4,16.667,Handball,0
1992,Barcelona,Spain,Summer,Iran,IRI,Asia,Medium,86,Medium,22,1,0,1,2,4,9.091,Water Polo,0
1992,Barcelona,Spain,Summer,Kazakhstan,KAZ,Asia,Medium,19,Medium,14,1,1,0,2,5,14.286,Volleyball,0
1992,Barcelona,Spain,Summer,Belarus,BLR,Europe,Medium,10,Medium,34,3,2,0,5,13,14.706,Rugby Sevens,0
1992,Barcelona,Spain,Summer,Croatia,CRO,Europe,Medium,4,Medium,25,0,3,0,3,6,12.0,Tennis,0
1992,Barcelona,Spain,Summer,Greece,GRE,Europe,Medium,10,Low,12,1,0,0,1,3,8.333,Football/Soccer,0
1992,Barcelona,Spain,Summer,North Korea,PRK,Asia,Low,26,High,10,0,0,1,1,1,10.0,Water Polo,0
1992,Barcelona,Spain,Summer,Bahrain,BRN,Asia,High,2,Medium,18,0,1,0,1,2,5.556,Cycling,0
1992,Barcelona,Spain,Summer,Morocco,MAR,Africa,Low,37,Low,20,0,1,1,2,3,10.0,Surfing,0
1992,Barcelona,Spain,Summer,Uganda,UGA,Africa,Low,47,Low,28,2,0,0,2,6,7.143,Triathlon,0
1992,Barcelona,Spain,Summer,Georgia,GEO,Europe/Asia,Low,4,Medium,21,3,1,1,5,12,23.81,Surfing,0
1992,Barcelona,Spain,Summer,Azerbaijan,AZE,Europe/Asia,Medium,10,Medium,4,1,2,0,3,7,75.0,Cycling,0
1992,Barcelona,Spain,Summer,Slovakia,SVK,Europe,Medium,5,Medium,20,0,5,1,6,11,30.0,Surfing,0
1992,Barcelona,Spain,Summer,Finland,FIN,Europe,High,6,Medium,5,2,2,0,4,10,80.0,Gymnastics,0
1992,Barcelona,Spain,Summer,Slovenia,SLO,Europe,High,2,Medium,37,1,2,1,4,8,10.811,Taekwondo,0
1992,Barcelona,Spain,Summer,Latvia,LAT,Europe,Medium,2,Medium,18,3,2,0,5,13,27.778,Hockey (Field),0
1992,Barcelona,Spain,Summer,Estonia,EST,Europe,High,1,Medium,1,0,3,0,3,6,300.0,Water Polo,0
1992,Barcelona,Spain,Summer,Lithuania,LTU,Europe,Medium,3,Medium,22,0,0,3,3,3,13.636,Handball,0
1992,Barcelona,Spain,Summer,Uzbekistan,UZB,Asia,Low,35,Medium,31,0,1,2,3,4,9.677,Rugby Sevens,0
1992,Barcelona,Spain,Summer,Thailand,THA,Asia,Medium,70,Low,16,1,0,2,3,5,18.75,Surfing,0
1992,Barcelona,Spain,Summer,Dominican Republic,DOM,North America,Low,11,Low,36,0,0,2,2,2,5.556,Archery,0
1992,Barcelona,Spain,Summer,Colombia,COL,South America,Medium,51,Low,16,1,0,1,2,4,12.5,Basketball,0
1992,Barcelona,Spain,Summer,Armenia,ARM,Europe/Asia,Low,3,Medium,14,1,0,1,2,4,14.286,Rowing,0
1992,Barcelona,Spain,Summer,Mongolia,MGL,Asia,Low,3,Medium,29,2,0,0,2,6,6.897,Pentathlon,0
1992,Barcelona,Spain,Summer,Indonesia,INA,Asia,Medium,275,Low,9,0,0,1,1,1,11.111,Rugby Sevens,0
1992,Barcelona,Spain,Summer,Philippines,PHI,Asia,Low,115,Low,21,1,0,1,2,4,9.524,Athletics,0
1994,Lillehammer,Norway,Winter,United States,USA,North America,High,335,High,302,12,8,17,37,69,12.252,Figure Skating,0
1994,Lillehammer,Norway,Winter,China,CHN,Asia,High,1411,High,242,11,3,10,24,49,9.917,Cross-Country Skiing,0
1994,Lillehammer,Norway,Winter,Russia,RUS,Europe,Medium,144,High,197,7,15,12,34,63,17.259,Alpine Skiing,0
1994,Lillehammer,Norway,Winter,Great Britain,GBR,Europe,High,67,High,145,8,9,9,26,51,17.931,Luge,0
1994,Lillehammer,Norway,Winter,Germany,GER,Europe,High,84,High,163,6,5,11,22,39,13.497,Curling,0
1994,Lillehammer,Norway,Winter,Australia,AUS,Oceania,High,26,High,127,6,6,4,16,34,12.598,Bobsled,0
1994,Lillehammer,Norway,Winter,France,FRA,Europe,High,68,High,81,5,3,4,12,25,14.815,Cross-Country Skiing,0
1994,Lillehammer,Norway,Winter,Japan,JPN,Asia,High,125,High,132,6,4,4,14,30,10.606,Speed Skating,0
1994,Lillehammer,Norway,Winter,South Korea,KOR,Asia,High,52,Medium,77,2,3,3,8,15,10.39,Nordic Combined,0
1994,Lillehammer,Norway,Winter,Italy,ITA,Europe,High,59,Medium,89,4,7,3,14,29,15.73,Alpine Skiing,0
1994,Lillehammer,Norway,Winter,Netherlands,NED,Europe,High,18,Medium,78,1,1,2,4,7,5.128,Skeleton,0
1994,Lillehammer,Norway,Winter,Hungary,HUN,Europe,Medium,10,High,74,5,4,6,15,29,20.27,Biathlon Mixed Relay,0
1994,Lillehammer,Norway,Winter,Norway,NOR,Europe,High,5,High,98,4,4,5,13,25,13.265,Luge,1
1994,Lillehammer,Norway,Winter,Canada,CAN,North America,High,38,Medium,65,5,0,3,8,18,12.308,Ice Hockey,0
1994,Lillehammer,Norway,Winter,New Zealand,NZL,Oceania,High,5,Medium,39,0,0,3,3,3,7.692,Nordic Combined,0
1994,Lillehammer,Norway,Winter,Ukraine,UKR,Europe,Medium,44,Medium,13,0,1,2,3,4,23.077,Cross-Country Skiing,0
1994,Lillehammer,Norway,Winter,Sweden,SWE,Europe,High,10,Medium,13,1,1,1,3,6,23.077,Alpine Skiing,0
1994,Lillehammer,Norway,Winter,Denmark,DEN,Europe,High,6,Medium,1,0,1,1,2,3,200.0,Alpine Skiing,0
1994,Lillehammer,Norway,Winter,Switzerland,SUI,Europe,High,9,Medium,15,1,1,0,2,5,13.333,Curling,0
1994,Lillehammer,Norway,Winter,Austria,AUT,Europe,High,9,Medium,27,1,0,3,4,6,14.815,Alpine Skiing,0
1994,Lillehammer,Norway,Winter,Belgium,BEL,Europe,High,11,Low,32,0,1,2,3,4,9.375,Skeleton,0
1994,Lillehammer,Norway,Winter,Poland,POL,Europe,Medium,38,Medium,36,0,1,3,4,5,11.111,Figure Skating,0
1994,Lillehammer,Norway,Winter,Czech Republic,CZE,Europe,Medium,11,Medium,4,3,0,0,3,9,75.0,Luge,0
1994,Lillehammer,Norway,Winter,Romania,ROU,Europe,Medium,19,Medium,35,1,2,2,5,9,14.286,Alpine Skiing,0
1994,Lillehammer,Norway,Winter,Argentina,ARG,South America,Medium,46,Low,19,2,0,1,3,7,15.789,Short Track,0
1994,Lillehammer,Norway,Winter,Mexico,MEX,North America,Medium,130,Low,17,2,0,3,5,9,29.412,Curling,0
1994,Lillehammer,Norway,Winter,Turkey,TUR,Europe/Asia,Medium,85,Medium,1,1,1,1,3,6,300.0,Ski Jumping,0
1994,Lillehammer,Norway,Winter,Iran,IRI,Asia,Medium,86,Medium,33,0,1,0,1,2,3.03,Short Track,0
1994,Lillehammer,Norway,Winter,Kazakhstan,KAZ,Asia,Medium,19,Medium,28,2,0,0,2,6,7.143,Figure Skating,0
1994,Lillehammer,Norway,Winter,Belarus,BLR,Europe,Medium,10,Medium,1,1,0,0,1,3,100.0,Freestyle Skiing,0
1994,Lillehammer,Norway,Winter,Croatia,CRO,Europe,Medium,4,Medium,1,0,1,2,3,4,300.0,Cross-Country Skiing,0
1994,Lillehammer,Norway,Winter,Greece,GRE,Europe,Medium,10,Low,11,1,0,0,1,3,9.091,Short Track,0
1994,Lillehammer,Norway,Winter,North Korea,PRK,Asia,Low,26,High,23,0,2,3,5,7,21.739,Luge,0
1994,Lillehammer,Norway,Winter,Bahrain,BRN,Asia,High,2,Medium,32,2,0,0,2,6,6.25,Ski Jumping,0
1994,Lillehammer,Norway,Winter,Morocco,MAR,Africa,Low,37,Low,21,1,1,0,2,5,9.524,Speed Skating,0
1994,Lillehammer,Norway,Winter,Uganda,UGA,Africa,Low,47,Low,5,2,1,2,5,10,100.0,Ski Jumping,0
1994,Lillehammer,Norway,Winter,Georgia,GEO,Europe/Asia,Low,4,Medium,33,1,0,0,1,3,3.03,Curling,0
1994,Lillehammer,Norway,Winter,Azerbaijan,AZE,Europe/Asia,Medium,10,Medium,46,1,2,0,3,7,6.522,Skeleton,0
1994,Lillehammer,Norway,Winter,Slovakia,SVK,Europe,Medium,5,Medium,20,3,1,2,6,13,30.0,Snowboard,0
1994,Lillehammer,Norway,Winter,Finland,FIN,Europe,High,6,Medium,56,1,0,1,2,4,3.571,Ice Hockey,0
1994,Lillehammer,Norway,Winter,Slovenia,SLO,Europe,High,2,Medium,26,0,0,1,1,1,3.846,Speed Skating,0
1994,Lillehammer,Norway,Winter,Latvia,LAT,Europe,Medium,2,Medium,1,3,1,1,5,12,500.0,Ski Jumping,0
1994,Lillehammer,Norway,Winter,Estonia,EST,Europe,High,1,Medium,10,2,0,1,3,7,30.0,Luge,0
1994,Lillehammer,Norway,Winter,Lithuania,LTU,Europe,Medium,3,Medium,4,2,0,1,3,7,75.0,Luge,0
1994,Lillehammer,Norway,Winter,Uzbekistan,UZB,Asia,Low,35,Medium,7,0,1,0,1,2,14.286,Freestyle Skiing,0
1994,Lillehammer,Norway,Winter,Armenia,ARM,Europe/Asia,Low,3,Medium,34,1,0,0,1,3,2.941,Curling,0
1994,Lillehammer,Norway,Winter,Mongolia,MGL,Asia,Low,3,Medium,33,0,1,1,2,3,6.061,Cross-Country Skiing,0
1996,Atlanta,United States,Summer,United States,USA,North America,High,335,High,398,19,12,27,58,108,14.573,Equestrian,1
1996,Atlanta,United States,Summer,China,CHN,Asia,High,1411,High,258,13,12,15,40,78,15.504,Athletics,0
1996,Atlanta,United States,Summer,Russia,RUS,Europe,Medium,144,High,207,6,12,9,27,51,13.043,Water Polo,0
1996,Atlanta,United States,Summer,Great Britain,GBR,Europe,High,67,High,147,7,5,7,19,38,12.925,Wrestling,0
1996,Atlanta,United States,Summer,Germany,GER,Europe,High,84,High,179,4,7,8,19,34,10.615,Cycling,0
1996,Atlanta,United States,Summer,Australia,AUS,Oceania,High,26,High,112,6,3,4,13,28,11.607,Shooting,0
1996,Atlanta,United States,Summer,France,FRA,Europe,High,68,High,104,2,3,2,7,14,6.731,Handball,0
1996,Atlanta,United States,Summer,Japan,JPN,Asia,High,125,High,106,4,7,4,15,30,14.151,Football/Soccer,0
1996,Atlanta,United States,Summer,South Korea,KOR,Asia,High,52,Medium,53,1,1,4,6,9,11.321,Water Polo,0
1996,Atlanta,United States,Summer,Italy,ITA,Europe,High,59,Medium,33,4,3,3,10,21,30.303,Pentathlon,0
1996,Atlanta,United States,Summer,Netherlands,NED,Europe,High,18,Medium,72,6,2,1,9,23,12.5,Gymnastics,0
1996,Atlanta,United States,Summer,Hungary,HUN,Europe,Medium,10,High,54,2,2,3,7,13,12.963,Cycling,0
1996,Atlanta,United States,Summer,Norway,NOR,Europe,High,5,High,40,0,0,2,2,2,5.0,Canoe/Kayak,0
1996,Atlanta,United States,Summer,Canada,CAN,North America,High,38,Medium,96,3,1,5,9,16,9.375,Badminton,0
1996,Atlanta,United States,Summer,New Zealand,NZL,Oceania,High,5,Medium,34,0,1,2,3,4,8.824,Tennis,0
1996,Atlanta,United States,Summer,Kenya,KEN,Africa,Low,55,Medium,20,0,0,1,1,1,5.0,Swimming,0
1996,Atlanta,United States,Summer,Ethiopia,ETH,Africa,Low,120,Low,1,0,0,1,1,1,100.0,Table Tennis,0
1996,Atlanta,United States,Summer,Brazil,BRA,South America,Medium,215,Medium,1,0,1,0,1,2,100.0,Wrestling,0
1996,Atlanta,United States,Summer,Spain,ESP,Europe,High,47,Medium,34,2,1,1,4,9,11.765,Rowing,0
1996,Atlanta,United States,Summer,Ukraine,UKR,Europe,Medium,44,Medium,30,0,0,2,2,2,6.667,Diving,0
1996,Atlanta,United States,Summer,Sweden,SWE,Europe,High,10,Medium,21,0,0,1,1,1,4.762,Golf,0
1996,Atlanta,United States,Summer,Denmark,DEN,Europe,High,6,Medium,12,1,0,1,2,4,16.667,Badminton,0
1996,Atlanta,United States,Summer,Belgium,BEL,Europe,High,11,Low,23,2,1,3,6,11,26.087,Canoe/Kayak,0
1996,Atlanta,United States,Summer,Poland,POL,Europe,Medium,38,Medium,1,1,1,1,3,6,300.0,Golf,0
1996,Atlanta,United States,Summer,Romania,ROU,Europe,Medium,19,Medium,22,0,0,1,1,1,4.545,Rugby Sevens,0
1996,Atlanta,United States,Summer,Jamaica,JAM,North America,Low,3,Medium,34,1,2,0,3,7,8.824,Shooting,0
1996,Atlanta,United States,Summer,India,IND,Asia,Medium,1400,Low,38,0,1,0,1,2,2.632,Golf,0
1996,Atlanta,United States,Summer,South Africa,RSA,Africa,Medium,60,Low,21,1,0,0,1,3,4.762,Triathlon,0
1996,Atlanta,United States,Summer,Argentina,ARG,South America,Medium,46,Low,20,1,0,0,1,3,5.0,Badminton,0
1996,Atlanta,United States,Summer,Mexico,MEX,North America,Medium,130,Low,4,0,3,2,5,8,125.0,Sailing,0
1996,Atlanta,United States,Summer,Turkey,TUR,Europe/Asia,Medium,85,Medium,1,0,0,1,1,1,100.0,Breakdancing,0
1996,Atlanta,United States,Summer,Iran,IRI,Asia,Medium,86,Medium,6,0,0,1,1,1,16.667,Rowing,0
1996,Atlanta,United States,Summer,Kazakhstan,KAZ,Asia,Medium,19,Medium,29,0,1,2,3,4,10.345,Sport Climbing,0
1996,Atlanta,United States,Summer,Belarus,BLR,Europe,Medium,10,Medium,12,0,3,0,3,6,25.0,Golf,0
1996,Atlanta,United States,Summer,Croatia,CRO,Europe,Medium,4,Medium,18,2,0,0,2,6,11.111,Pentathlon,0
1996,Atlanta,United States,Summer,North Korea,PRK,Asia,Low,26,High,12,0,1,0,1,2,8.333,Table Tennis,0
1996,Atlanta,United States,Summer,Bahrain,BRN,Asia,High,2,Medium,66,1,1,2,4,7,6.061,Shooting,0
1996,Atlanta,United States,Summer,Morocco,MAR,Africa,Low,37,Low,24,0,1,0,1,2,4.167,Basketball,0
1996,Atlanta,United States,Summer,Georgia,GEO,Europe/Asia,Low,4,Medium,31,0,1,0,1,2,3.226,Canoe/Kayak,0
1996,Atlanta,United States,Summer,Azerbaijan,AZE,Europe/Asia,Medium,10,Medium,5,1,0,0,1,3,20.0,Volleyball,0
1996,Atlanta,United States,Summer,Slovakia,SVK,Europe,Medium,5,Medium,32,1,2,1,4,8,12.5,Equestrian,0
1996,Atlanta,United States,Summer,Finland,FIN,Europe,High,6,Medium,22,0,1,1,2,3,9.091,Table Tennis,0
1996,Atlanta,United States,Summer,Slovenia,SLO,Europe,High,2,Medium,15,1,0,2,3,5,20.0,Triathlon,0
1996,Atlanta,United States,Summer,Latvia,LAT,Europe,Medium,2,Medium,9,1,1,1,3,6,33.333,Rowing,0
1996,Atlanta,United States,Summer,Estonia,EST,Europe,High,1,Medium,57,0,0,2,2,2,3.509,Athletics,0
1996,Atlanta,United States,Summer,Lithuania,LTU,Europe,Medium,3,Medium,43,0,1,1,2,3,4.651,Shooting,0
1996,Atlanta,United States,Summer,Uzbekistan,UZB,Asia,Low,35,Medium,1,2,0,1,3,7,300.0,Boxing,0
1996,Atlanta,United States,Summer,Thailand,THA,Asia,Medium,70,Low,12,0,1,2,3,4,25.0,Canoe/Kayak,0
1996,Atlanta,United States,Summer,Dominican Republic,DOM,North America,Low,11,Low,3,1,0,1,2,4,66.667,Boxing,0
1996,Atlanta,United States,Summer,Colombia,COL,South America,Medium,51,Low,12,0,0,1,1,1,8.333,Rugby Sevens,0
1996,Atlanta,United States,Summer,Mongolia,MGL,Asia,Low,3,Medium,37,3,0,0,3,9,8.108,Table Tennis,0
1996,Atlanta,United States,Summer,Indonesia,INA,Asia,Medium,275,Low,16,0,1,0,1,2,6.25,Table Tennis,0
1996,Atlanta,United States,Summer,Philippines,PHI,Asia,Low,115,Low,12,0,1,1,2,3,16.667,Shooting,0
1998,Nagano,Japan,Winter,United States,USA,North America,High,335,High,306,19,11,16,46,95,15.033,Speed Skating,0
1998,Nagano,Japan,Winter,China,CHN,Asia,High,1411,High,260,6,11,8,25,48,9.615,Cross-Country Skiing,0
1998,Nagano,Japan,Winter,Russia,RUS,Europe,Medium,144,High,196,7,8,11,26,48,13.265,Ice Hockey,0
1998,Nagano,Japan,Winter,Great Britain,GBR,Europe,High,67,High,148,4,6,5,15,29,10.135,Alpine Skiing,0
1998,Nagano,Japan,Winter,Germany,GER,Europe,High,84,High,149,5,4,8,17,31,11.409,Biathlon Mixed Relay,0
1998,Nagano,Japan,Winter,Australia,AUS,Oceania,High,26,High,120,4,6,7,17,31,14.167,Ice Hockey,0
1998,Nagano,Japan,Winter,France,FRA,Europe,High,68,High,110,7,6,5,18,38,16.364,Alpine Skiing,0
1998,Nagano,Japan,Winter,Japan,JPN,Asia,High,125,High,154,8,7,9,24,47,15.584,Speed Skating,1
1998,Nagano,Japan,Winter,South Korea,KOR,Asia,High,52,Medium,76,3,5,7,15,26,19.737,Biathlon,0
1998,Nagano,Japan,Winter,Italy,ITA,Europe,High,59,Medium,53,3,4,4,11,21,20.755,Figure Skating,0
1998,Nagano,Japan,Winter,Netherlands,NED,Europe,High,18,Medium,74,8,1,0,9,26,12.162,Nordic Combined,0
1998,Nagano,Japan,Winter,Hungary,HUN,Europe,Medium,10,High,31,1,3,3,7,12,22.581,Ice Hockey,0
1998,Nagano,Japan,Winter,Norway,NOR,Europe,High,5,High,87,2,2,2,6,12,6.897,Freestyle Skiing,0
1998,Nagano,Japan,Winter,Canada,CAN,North America,High,38,Medium,63,6,2,5,13,27,20.635,Ice Hockey,0
1998,Nagano,Japan,Winter,New Zealand,NZL,Oceania,High,5,Medium,26,0,1,1,2,3,7.692,Speed Skating,0
1998,Nagano,Japan,Winter,Spain,ESP,Europe,High,47,Medium,50,3,1,3,7,14,14.0,Skeleton,0
1998,Nagano,Japan,Winter,Sweden,SWE,Europe,High,10,Medium,30,2,0,0,2,6,6.667,Biathlon Mixed Relay,0
1998,Nagano,Japan,Winter,Denmark,DEN,Europe,High,6,Medium,35,0,0,2,2,2,5.714,Curling,0
1998,Nagano,Japan,Winter,Austria,AUT,Europe,High,9,Medium,1,0,0,1,1,1,100.0,Biathlon Mixed Relay,0
1998,Nagano,Japan,Winter,Belgium,BEL,Europe,High,11,Low,36,0,0,1,1,1,2.778,Short Track,0
1998,Nagano,Japan,Winter,Poland,POL,Europe,Medium,38,Medium,33,1,1,1,3,6,9.091,Curling,0
1998,Nagano,Japan,Winter,Czech Republic,CZE,Europe,Medium,11,Medium,9,1,2,0,3,7,33.333,Ski Jumping,0
1998,Nagano,Japan,Winter,Romania,ROU,Europe,Medium,19,Medium,39,2,0,0,2,6,5.128,Short Track,0
1998,Nagano,Japan,Winter,South Africa,RSA,Africa,Medium,60,Low,29,0,1,1,2,3,6.897,Speed Skating,0
1998,Nagano,Japan,Winter,Argentina,ARG,South America,Medium,46,Low,1,1,0,0,1,3,100.0,Skeleton,0
1998,Nagano,Japan,Winter,Mexico,MEX,North America,Medium,130,Low,21,1,1,1,3,6,14.286,Snowboard,0
1998,Nagano,Japan,Winter,Turkey,TUR,Europe/Asia,Medium,85,Medium,1,1,2,1,4,8,400.0,Nordic Combined,0
1998,Nagano,Japan,Winter,Iran,IRI,Asia,Medium,86,Medium,1,0,1,4,5,6,500.0,Freestyle Skiing,0
1998,Nagano,Japan,Winter,Kazakhstan,KAZ,Asia,Medium,19,Medium,9,0,1,2,3,4,33.333,Nordic Combined,0
1998,Nagano,Japan,Winter,Belarus,BLR,Europe,Medium,10,Medium,8,1,1,1,3,6,37.5,Bobsled,0
1998,Nagano,Japan,Winter,Greece,GRE,Europe,Medium,10,Low,37,1,2,0,3,7,8.108,Snowboard,0
1998,Nagano,Japan,Winter,North Korea,PRK,Asia,Low,26,High,32,0,1,0,1,2,3.125,Bobsled,0
1998,Nagano,Japan,Winter,Bahrain,BRN,Asia,High,2,Medium,27,1,3,1,5,10,18.519,Nordic Combined,0
1998,Nagano,Japan,Winter,Morocco,MAR,Africa,Low,37,Low,13,1,2,0,3,7,23.077,Skeleton,0
1998,Nagano,Japan,Winter,Uganda,UGA,Africa,Low,47,Low,15,0,0,2,2,2,13.333,Ice Hockey,0
1998,Nagano,Japan,Winter,Georgia,GEO,Europe/Asia,Low,4,Medium,27,2,0,0,2,6,7.407,Skeleton,0
1998,Nagano,Japan,Winter,Azerbaijan,AZE,Europe/Asia,Medium,10,Medium,7,0,2,0,2,4,28.571,Nordic Combined,0
1998,Nagano,Japan,Winter,Slovakia,SVK,Europe,Medium,5,Medium,39,0,0,2,2,2,5.128,Biathlon,0
1998,Nagano,Japan,Winter,Finland,FIN,Europe,High,6,Medium,18,1,0,1,2,4,11.111,Nordic Combined,0
1998,Nagano,Japan,Winter,Slovenia,SLO,Europe,High,2,Medium,33,0,0,1,1,1,3.03,Ski Jumping,0
1998,Nagano,Japan,Winter,Estonia,EST,Europe,High,1,Medium,7,0,1,1,2,3,28.571,Bobsled,0
1998,Nagano,Japan,Winter,Lithuania,LTU,Europe,Medium,3,Medium,24,0,1,0,1,2,4.167,Snowboard,0
1998,Nagano,Japan,Winter,Uzbekistan,UZB,Asia,Low,35,Medium,27,1,1,2,4,7,14.815,Bobsled,0
1998,Nagano,Japan,Winter,Armenia,ARM,Europe/Asia,Low,3,Medium,29,1,0,0,1,3,3.448,Cross-Country Skiing,0
1998,Nagano,Japan,Winter,Mongolia,MGL,Asia,Low,3,Medium,11,1,0,3,4,6,36.364,Ice Hockey,0
2000,Sydney,Australia,Summer,United States,USA,North America,High,335,High,312,9,8,12,29,55,9.295,Water Polo,0
2000,Sydney,Australia,Summer,China,CHN,Asia,High,1411,High,251,9,12,8,29,59,11.554,Judo,0
2000,Sydney,Australia,Summer,Russia,RUS,Europe,Medium,144,High,184,6,2,5,13,27,7.065,Canoe/Kayak,0
2000,Sydney,Australia,Summer,Great Britain,GBR,Europe,High,67,High,151,3,6,5,14,26,9.272,Athletics,0
2000,Sydney,Australia,Summer,Germany,GER,Europe,High,84,High,153,12,6,7,25,55,16.34,Skateboarding,0
2000,Sydney,Australia,Summer,Australia,AUS,Oceania,High,26,High,171,6,4,4,14,30,8.187,Pentathlon,1
2000,Sydney,Australia,Summer,France,FRA,Europe,High,68,High,109,4,0,8,12,20,11.009,Volleyball,0
2000,Sydney,Australia,Summer,Japan,JPN,Asia,High,125,High,125,11,4,5,20,46,16.0,Golf,0
2000,Sydney,Australia,Summer,South Korea,KOR,Asia,High,52,Medium,80,2,2,3,7,13,8.75,Water Polo,0
2000,Sydney,Australia,Summer,Italy,ITA,Europe,High,59,Medium,96,1,1,2,4,7,4.167,Surfing,0
2000,Sydney,Australia,Summer,Netherlands,NED,Europe,High,18,Medium,78,5,2,2,9,21,11.538,Skateboarding,0
2000,Sydney,Australia,Summer,Hungary,HUN,Europe,Medium,10,High,81,2,1,1,4,9,4.938,Diving,0
2000,Sydney,Australia,Summer,Norway,NOR,Europe,High,5,High,45,0,2,6,8,10,17.778,Breakdancing,0
2000,Sydney,Australia,Summer,Canada,CAN,North America,High,38,Medium,48,1,2,3,6,10,12.5,Surfing,0
2000,Sydney,Australia,Summer,New Zealand,NZL,Oceania,High,5,Medium,1,0,1,0,1,2,100.0,Fencing,0
2000,Sydney,Australia,Summer,Cuba,CUB,North America,Low,11,High,13,0,2,0,2,4,15.385,Taekwondo,0
2000,Sydney,Australia,Summer,Kenya,KEN,Africa,Low,55,Medium,13,1,2,1,4,8,30.769,Surfing,0
2000,Sydney,Australia,Summer,Spain,ESP,Europe,High,47,Medium,11,0,1,0,1,2,9.091,Surfing,0
2000,Sydney,Australia,Summer,Sweden,SWE,Europe,High,10,Medium,17,2,0,0,2,6,11.765,Athletics,0
2000,Sydney,Australia,Summer,Denmark,DEN,Europe,High,6,Medium,16,0,0,2,2,2,12.5,Athletics,0
2000,Sydney,Australia,Summer,Switzerland,SUI,Europe,High,9,Medium,15,3,0,0,3,9,20.0,Sport Climbing,0
2000,Sydney,Australia,Summer,Austria,AUT,Europe,High,9,Medium,1,1,1,0,2,5,200.0,Wrestling,0
2000,Sydney,Australia,Summer,Belgium,BEL,Europe,High,11,Low,41,1,0,1,2,4,4.878,Canoe/Kayak,0
2000,Sydney,Australia,Summer,Czech Republic,CZE,Europe,Medium,11,Medium,2,1,2,2,5,9,250.0,Handball,0
2000,Sydney,Australia,Summer,Romania,ROU,Europe,Medium,19,Medium,29,0,1,0,1,2,3.448,Triathlon,0
2000,Sydney,Australia,Summer,Jamaica,JAM,North America,Low,3,Medium,20,0,0,1,1,1,5.0,Rowing,0
2000,Sydney,Australia,Summer,India,IND,Asia,Medium,1400,Low,35,1,3,1,5,10,14.286,Breakdancing,0
2000,Sydney,Australia,Summer,South Africa,RSA,Africa,Medium,60,Low,34,1,1,1,3,6,8.824,Skateboarding,0
2000,Sydney,Australia,Summer,Mexico,MEX,North America,Medium,130,Low,1,0,2,1,3,5,300.0,Triathlon,0
2000,Sydney,Australia,Summer,Turkey,TUR,Europe/Asia,Medium,85,Medium,38,2,0,2,4,8,10.526,Volleyball,0
2000,Sydney,Australia,Summer,Iran,IRI,Asia,Medium,86,Medium,11,2,1,1,4,9,36.364,Pentathlon,0
2000,Sydney,Australia,Summer,Kazakhstan,KAZ,Asia,Medium,19,Medium,1,0,2,0,2,4,200.0,Sport Climbing,0
2000,Sydney,Australia,Summer,Belarus,BLR,Europe,Medium,10,Medium,28,0,0,1,1,1,3.571,Water Polo,0
2000,Sydney,Australia,Summer,Croatia,CRO,Europe,Medium,4,Medium,1,1,0,0,1,3,100.0,Boxing,0
2000,Sydney,Australia,Summer,Greece,GRE,Europe,Medium,10,Low,42,0,2,4,6,8,14.286,Canoe/Kayak,0
2000,Sydney,Australia,Summer,North Korea,PRK,Asia,Low,26,High,10,0,1,4,5,6,50.0,Judo,0
2000,Sydney,Australia,Summer,Bahrain,BRN,Asia,High,2,Medium,59,1,0,0,1,3,1.695,Rowing,0
2000,Sydney,Australia,Summer,Morocco,MAR,Africa,Low,37,Low,30,2,0,0,2,6,6.667,Athletics,0
2000,Sydney,Australia,Summer,Uganda,UGA,Africa,Low,47,Low,1,0,1,2,3,4,300.0,Sailing,0
2000,Sydney,Australia,Summer,Georgia,GEO,Europe/Asia,Low,4,Medium,13,0,1,1,2,3,15.385,Handball,0
2000,Sydney,Australia,Summer,Azerbaijan,AZE,Europe/Asia,Medium,10,Medium,43,2,0,3,5,9,11.628,Badminton,0
2000,Sydney,Australia,Summer,Slovakia,SVK,Europe,Medium,5,Medium,25,0,0,1,1,1,4.0,Canoe/Kayak,0
2000,Sydney,Australia,Summer,Finland,FIN,Europe,High,6,Medium,9,1,1,2,4,7,44.444,Rowing,0
2000,Sydney,Australia,Summer,Slovenia,SLO,Europe,High,2,Medium,3,0,1,0,1,2,33.333,Pentathlon,0
2000,Sydney,Australia,Summer,Latvia,LAT,Europe,Medium,2,Medium,34,1,0,0,1,3,2.941,Badminton,0
2000,Sydney,Australia,Summer,Estonia,EST,Europe,High,1,Medium,30,0,1,1,2,3,6.667,Football/Soccer,0
2000,Sydney,Australia,Summer,Lithuania,LTU,Europe,Medium,3,Medium,24,1,0,2,3,5,12.5,Sailing,0
2000,Sydney,Australia,Summer,Uzbekistan,UZB,Asia,Low,35,Medium,53,1,1,1,3,6,5.66,Cycling,0
2000,Sydney,Australia,Summer,Thailand,THA,Asia,Medium,70,Low,37,1,0,4,5,7,13.514,Skateboarding,0
2000,Sydney,Australia,Summer,Dominican Republic,DOM,North America,Low,11,Low,17,0,1,1,2,3,11.765,Badminton,0
2000,Sydney,Australia,Summer,Colombia,COL,South America,Medium,51,Low,1,1,2,1,4,8,400.0,Diving,0
2000,Sydney,Australia,Summer,Armenia,ARM,Europe/Asia,Low,3,Medium,9,3,0,1,4,10,44.444,Football/Soccer,0
2000,Sydney,Australia,Summer,Mongolia,MGL,Asia,Low,3,Medium,10,0,1,2,3,4,30.0,Breakdancing,0
2000,Sydney,Australia,Summer,Indonesia,INA,Asia,Medium,275,Low,14,0,0,2,2,2,14.286,Hockey (Field),0
2000,Sydney,Australia,Summer,Philippines,PHI,Asia,Low,115,Low,1,1,0,2,3,5,300.0,Basketball,0
2002,Salt Lake City,United States,Winter,United States,USA,North America,High,335,High,379,15,21,22,58,109,15.303,Skeleton,1
2002,Salt Lake City,United States,Winter,China,CHN,Asia,High,1411,High,255,15,14,16,45,89,17.647,Cross-Country Skiing,0
2002,Salt Lake City,United States,Winter,Russia,RUS,Europe,Medium,144,High,175,3,8,9,20,34,11.429,Biathlon Mixed Relay,0
2002,Salt Lake City,United States,Winter,Great Britain,GBR,Europe,High,67,High,130,4,8,2,14,30,10.769,Nordic Combined,0
2002,Salt Lake City,United States,Winter,Germany,GER,Europe,High,84,High,150,11,5,9,25,52,16.667,Skeleton,0
2002,Salt Lake City,United States,Winter,Australia,AUS,Oceania,High,26,High,115,5,5,3,13,28,11.304,Snowboard,0
2002,Salt Lake City,United States,Winter,France,FRA,Europe,High,68,High,116,9,4,4,17,39,14.655,Bobsled,0
2002,Salt Lake City,United States,Winter,Japan,JPN,Asia,High,125,High,129,4,9,6,19,36,14.729,Speed Skating,0
2002,Salt Lake City,United States,Winter,South Korea,KOR,Asia,High,52,Medium,55,4,4,4,12,24,21.818,Ski Jumping,0
2002,Salt Lake City,United States,Winter,Italy,ITA,Europe,High,59,Medium,93,2,0,7,9,13,9.677,Short Track,0
2002,Salt Lake City,United States,Winter,Netherlands,NED,Europe,High,18,Medium,52,5,5,0,10,25,19.231,Bobsled,0
2002,Salt Lake City,United States,Winter,Hungary,HUN,Europe,Medium,10,High,107,2,2,3,7,13,6.542,Luge,0
2002,Salt Lake City,United States,Winter,Norway,NOR,Europe,High,5,High,80,2,0,2,4,8,5.0,Nordic Combined,0
2002,Salt Lake City,United States,Winter,Canada,CAN,North America,High,38,Medium,86,4,3,3,10,21,11.628,Curling,0
2002,Salt Lake City,United States,Winter,Spain,ESP,Europe,High,47,Medium,9,0,1,1,2,3,22.222,Short Track,0
2002,Salt Lake City,United States,Winter,Ukraine,UKR,Europe,Medium,44,Medium,30,0,1,0,1,2,3.333,Ski Jumping,0
2002,Salt Lake City,United States,Winter,Sweden,SWE,Europe,High,10,Medium,32,1,1,2,4,7,12.5,Luge,0
2002,Salt Lake City,United States,Winter,Denmark,DEN,Europe,High,6,Medium,19,0,0,1,1,1,5.263,Snowboard,0
2002,Salt Lake City,United States,Winter,Switzerland,SUI,Europe,High,9,Medium,43,1,0,0,1,3,2.326,Speed Skating,0
2002,Salt Lake City,United States,Winter,Austria,AUT,Europe,High,9,Medium,37,0,0,1,1,1,2.703,Luge,0
2002,Salt Lake City,United States,Winter,Belgium,BEL,Europe,High,11,Low,39,1,0,0,1,3,2.564,Biathlon,0
2002,Salt Lake City,United States,Winter,Poland,POL,Europe,Medium,38,Medium,5,0,0,1,1,1,20.0,Snowboard,0
2002,Salt Lake City,United States,Winter,Czech Republic,CZE,Europe,Medium,11,Medium,25,1,2,1,4,8,16.0,Snowboard,0
2002,Salt Lake City,United States,Winter,South Africa,RSA,Africa,Medium,60,Low,16,2,0,0,2,6,12.5,Nordic Combined,0
2002,Salt Lake City,United States,Winter,Argentina,ARG,South America,Medium,46,Low,18,1,0,2,3,5,16.667,Biathlon,0
2002,Salt Lake City,United States,Winter,Mexico,MEX,North America,Medium,130,Low,17,0,1,1,2,3,11.765,Short Track,0
2002,Salt Lake City,United States,Winter,Turkey,TUR,Europe/Asia,Medium,85,Medium,10,0,0,1,1,1,10.0,Alpine Skiing,0
2002,Salt Lake City,United States,Winter,Iran,IRI,Asia,Medium,86,Medium,21,0,1,3,4,5,19.048,Alpine Skiing,0
2002,Salt Lake City,United States,Winter,Kazakhstan,KAZ,Asia,Medium,19,Medium,8,1,2,0,3,7,37.5,Luge,0
2002,Salt Lake City,United States,Winter,Belarus,BLR,Europe,Medium,10,Medium,1,1,0,0,1,3,100.0,Speed Skating,0
2002,Salt Lake City,United States,Winter,Croatia,CRO,Europe,Medium,4,Medium,34,2,0,1,3,7,8.824,Ski Jumping,0
2002,Salt Lake City,United States,Winter,Greece,GRE,Europe,Medium,10,Low,28,2,1,1,4,9,14.286,Alpine Skiing,0
2002,Salt Lake City,United States,Winter,North Korea,PRK,Asia,Low,26,High,25,0,1,1,2,3,8.0,Figure Skating,0
2002,Salt Lake City,United States,Winter,Bahrain,BRN,Asia,High,2,Medium,31,2,2,1,5,11,16.129,Nordic Combined,0
2002,Salt Lake City,United States,Winter,Morocco,MAR,Africa,Low,37,Low,30,0,2,0,2,4,6.667,Snowboard,0
2002,Salt Lake City,United States,Winter,Uganda,UGA,Africa,Low,47,Low,23,1,0,2,3,5,13.043,Biathlon Mixed Relay,0
2002,Salt Lake City,United States,Winter,Georgia,GEO,Europe/Asia,Low,4,Medium,44,0,0,1,1,1,2.273,Snowboard,0
2002,Salt Lake City,United States,Winter,Azerbaijan,AZE,Europe/Asia,Medium,10,Medium,44,2,0,3,5,9,11.364,Freestyle Skiing,0
2002,Salt Lake City,United States,Winter,Slovakia,SVK,Europe,Medium,5,Medium,34,0,1,2,3,4,8.824,Alpine Skiing,0
2002,Salt Lake City,United States,Winter,Finland,FIN,Europe,High,6,Medium,39,1,1,1,3,6,7.692,Short Track,0
2002,Salt Lake City,United States,Winter,Slovenia,SLO,Europe,High,2,Medium,27,0,1,0,1,2,3.704,Biathlon Mixed Relay,0
2002,Salt Lake City,United States,Winter,Latvia,LAT,Europe,Medium,2,Medium,16,1,0,0,1,3,6.25,Skeleton,0
2002,Salt Lake City,United States,Winter,Estonia,EST,Europe,High,1,Medium,29,2,2,1,5,11,17.241,Speed Skating,0
2002,Salt Lake City,United States,Winter,Lithuania,LTU,Europe,Medium,3,Medium,14,2,2,0,4,10,28.571,Short Track,0
2002,Salt Lake City,United States,Winter,Uzbekistan,UZB,Asia,Low,35,Medium,16,1,1,0,2,5,12.5,Ice Hockey,0
2002,Salt Lake City,United States,Winter,Armenia,ARM,Europe/Asia,Low,3,Medium,13,0,0,2,2,2,15.385,Speed Skating,0
2002,Salt Lake City,United States,Winter,Mongolia,MGL,Asia,Low,3,Medium,12,1,0,0,1,3,8.333,Figure Skating,0
2004,Athens,Greece,Summer,United States,USA,North America,High,335,High,299,16,11,12,39,82,13.043,Boxing,0
2004,Athens,Greece,Summer,China,CHN,Asia,High,1411,High,252,12,9,12,33,66,13.095,Rugby Sevens,0
2004,Athens,Greece,Summer,Russia,RUS,Europe,Medium,144,High,197,14,14,15,43,85,21.827,Rugby Sevens,0
2004,Athens,Greece,Summer,Great Britain,GBR,Europe,High,67,High,115,9,9,11,29,56,25.217,Gymnastics,0
2004,Athens,Greece,Summer,Germany,GER,Europe,High,84,High,152,9,5,5,19,42,12.5,Equestrian,0
2004,Athens,Greece,Summer,Australia,AUS,Oceania,High,26,High,135,6,11,2,19,42,14.074,Water Polo,0
2004,Athens,Greece,Summer,France,FRA,Europe,High,68,High,92,4,3,5,12,23,13.043,Equestrian,0
2004,Athens,Greece,Summer,Japan,JPN,Asia,High,125,High,128,4,3,7,14,25,10.938,Water Polo,0
2004,Athens,Greece,Summer,South Korea,KOR,Asia,High,52,Medium,82,3,5,2,10,21,12.195,Skateboarding,0
2004,Athens,Greece,Summer,Italy,ITA,Europe,High,59,Medium,101,5,4,2,11,25,10.891,Taekwondo,0
2004,Athens,Greece,Summer,Netherlands,NED,Europe,High,18,Medium,86,0,1,3,4,5,4.651,Cycling,0
2004,Athens,Greece,Summer,Hungary,HUN,Europe,Medium,10,High,107,0,6,2,8,14,7.477,Hockey (Field),0
2004,Athens,Greece,Summer,Norway,NOR,Europe,High,5,High,36,4,1,1,6,15,16.667,Skateboarding,0
2004,Athens,Greece,Summer,Canada,CAN,North America,High,38,Medium,28,0,4,5,9,13,32.143,Handball,0
2004,Athens,Greece,Summer,New Zealand,NZL,Oceania,High,5,Medium,4,1,1,0,2,5,50.0,Taekwondo,0
2004,Athens,Greece,Summer,Cuba,CUB,North America,Low,11,High,21,2,2,1,5,11,23.81,Swimming,0
2004,Athens,Greece,Summer,Kenya,KEN,Africa,Low,55,Medium,41,1,0,0,1,3,2.439,Shooting,0
2004,Athens,Greece,Summer,Ethiopia,ETH,Africa,Low,120,Low,2,0,2,2,4,6,200.0,Athletics,0
2004,Athens,Greece,Summer,Brazil,BRA,South America,Medium,215,Medium,1,1,2,0,3,7,300.0,Canoe/Kayak,0
2004,Athens,Greece,Summer,Ukraine,UKR,Europe,Medium,44,Medium,24,1,1,0,2,5,8.333,Handball,0
2004,Athens,Greece,Summer,Sweden,SWE,Europe,High,10,Medium,37,1,0,0,1,3,2.703,Taekwondo,0
2004,Athens,Greece,Summer,Denmark,DEN,Europe,High,6,Medium,34,0,2,0,2,4,5.882,Golf,0
2004,Athens,Greece,Summer,Switzerland,SUI,Europe,High,9,Medium,44,1,0,0,1,3,2.273,Canoe/Kayak,0
2004,Athens,Greece,Summer,Austria,AUT,Europe,High,9,Medium,11,1,0,1,2,4,18.182,Handball,0
2004,Athens,Greece,Summer,Belgium,BEL,Europe,High,11,Low,21,1,0,0,1,3,4.762,Football/Soccer,0
2004,Athens,Greece,Summer,Poland,POL,Europe,Medium,38,Medium,11,0,1,2,3,4,27.273,Swimming,0
2004,Athens,Greece,Summer,Czech Republic,CZE,Europe,Medium,11,Medium,3,1,1,3,5,8,166.667,Badminton,0
2004,Athens,Greece,Summer,Romania,ROU,Europe,Medium,19,Medium,36,1,0,1,2,4,5.556,Rugby Sevens,0
2004,Athens,Greece,Summer,Jamaica,JAM,North America,Low,3,Medium,18,1,1,0,2,5,11.111,Triathlon,0
2004,Athens,Greece,Summer,India,IND,Asia,Medium,1400,Low,22,2,2,0,4,10,18.182,Pentathlon,0
2004,Athens,Greece,Summer,South Africa,RSA,Africa,Medium,60,Low,19,1,0,0,1,3,5.263,Athletics,0
2004,Athens,Greece,Summer,Argentina,ARG,South America,Medium,46,Low,43,2,1,0,3,8,6.977,Gymnastics,0
2004,Athens,Greece,Summer,Mexico,MEX,North America,Medium,130,Low,32,0,1,0,1,2,3.125,Sailing,0
2004,Athens,Greece,Summer,Iran,IRI,Asia,Medium,86,Medium,31,1,1,1,3,6,9.677,Rowing,0
2004,Athens,Greece,Summer,Kazakhstan,KAZ,Asia,Medium,19,Medium,24,1,0,0,1,3,4.167,Breakdancing,0
2004,Athens,Greece,Summer,Croatia,CRO,Europe,Medium,4,Medium,18,1,1,0,2,5,11.111,Equestrian,0
2004,Athens,Greece,Summer,Greece,GRE,Europe,Medium,10,Low,3,0,1,1,2,3,66.667,Football/Soccer,1
2004,Athens,Greece,Summer,North Korea,PRK,Asia,Low,26,High,3,0,0,1,1,1,33.333,Skateboarding,0
2004,Athens,Greece,Summer,Bahrain,BRN,Asia,High,2,Medium,17,1,0,2,3,5,17.647,Golf,0
2004,Athens,Greece,Summer,Morocco,MAR,Africa,Low,37,Low,9,3,1,1,5,12,55.556,Water Polo,0
2004,Athens,Greece,Summer,Uganda,UGA,Africa,Low,47,Low,25,0,1,0,1,2,4.0,Rugby Sevens,0
2004,Athens,Greece,Summer,Azerbaijan,AZE,Europe/Asia,Medium,10,Medium,44,2,2,0,4,10,9.091,Skateboarding,0
2004,Athens,Greece,Summer,Slovakia,SVK,Europe,Medium,5,Medium,1,1,0,0,1,3,100.0,Table Tennis,0
2004,Athens,Greece,Summer,Slovenia,SLO,Europe,High,2,Medium,12,1,0,0,1,3,8.333,Tennis,0
2004,Athens,Greece,Summer,Latvia,LAT,Europe,Medium,2,Medium,21,1,0,3,4,6,19.048,Football/Soccer,0
2004,Athens,Greece,Summer,Estonia,EST,Europe,High,1,Medium,9,1,0,0,1,3,11.111,Badminton,0
2004,Athens,Greece,Summer,Lithuania,LTU,Europe,Medium,3,Medium,36,2,2,1,5,11,13.889,Wrestling,0
2004,Athens,Greece,Summer,Uzbekistan,UZB,Asia,Low,35,Medium,51,3,0,0,3,9,5.882,Triathlon,0
2004,Athens,Greece,Summer,Thailand,THA,Asia,Medium,70,Low,33,0,1,0,1,2,3.03,Surfing,0
2004,Athens,Greece,Summer,Dominican Republic,DOM,North America,Low,11,Low,32,0,1,0,1,2,3.125,Gymnastics,0
2004,Athens,Greece,Summer,Colombia,COL,South America,Medium,51,Low,20,0,1,3,4,5,20.0,Shooting,0
2004,Athens,Greece,Summer,Mongolia,MGL,Asia,Low,3,Medium,33,1,0,1,2,4,6.061,Skateboarding,0
2004,Athens,Greece,Summer,Indonesia,INA,Asia,Medium,275,Low,37,1,0,0,1,3,2.703,Diving,0
2004,Athens,Greece,Summer,Philippines,PHI,Asia,Low,115,Low,30,0,1,0,1,2,3.333,Rugby Sevens,0
2006,Turin,Italy,Winter,United States,USA,North America,High,335,High,291,13,11,12,36,73,12.371,Luge,0
2006,Turin,Italy,Winter,China,CHN,Asia,High,1411,High,232,14,11,8,33,72,14.224,Ski Jumping,0
2006,Turin,Italy,Winter,Russia,RUS,Europe,Medium,144,High,219,5,10,4,19,39,8.676,Skeleton,0
2006,Turin,Italy,Winter,Great Britain,GBR,Europe,High,67,High,137,5,4,10,19,33,13.869,Curling,0
2006,Turin,Italy,Winter,Germany,GER,Europe,High,84,High,155,6,7,6,19,38,12.258,Figure Skating,0
2006,Turin,Italy,Winter,Australia,AUS,Oceania,High,26,High,133,7,6,3,16,36,12.03,Speed Skating,0
2006,Turin,Italy,Winter,France,FRA,Europe,High,68,High,128,3,9,9,21,36,16.406,Speed Skating,0
2006,Turin,Italy,Winter,Japan,JPN,Asia,High,125,High,104,4,6,1,11,25,10.577,Ski Jumping,0
2006,Turin,Italy,Winter,South Korea,KOR,Asia,High,52,Medium,74,2,2,9,13,19,17.568,Cross-Country Skiing,0
2006,Turin,Italy,Winter,Italy,ITA,Europe,High,59,Medium,136,7,4,5,16,34,11.765,Skeleton,1
2006,Turin,Italy,Winter,Netherlands,NED,Europe,High,18,Medium,71,4,1,5,10,19,14.085,Ski Jumping,0
2006,Turin,Italy,Winter,Hungary,HUN,Europe,Medium,10,High,88,1,4,5,10,16,11.364,Figure Skating,0
2006,Turin,Italy,Winter,Norway,NOR,Europe,High,5,High,61,4,1,4,9,18,14.754,Snowboard,0
2006,Turin,Italy,Winter,Canada,CAN,North America,High,38,Medium,62,4,2,4,10,20,16.129,Freestyle Skiing,0
2006,Turin,Italy,Winter,New Zealand,NZL,Oceania,High,5,Medium,22,1,0,1,2,4,9.091,Biathlon Mixed Relay,0
2006,Turin,Italy,Winter,Spain,ESP,Europe,High,47,Medium,50,0,1,0,1,2,2.0,Nordic Combined,0
2006,Turin,Italy,Winter,Ukraine,UKR,Europe,Medium,44,Medium,20,0,0,1,1,1,5.0,Short Track,0
2006,Turin,Italy,Winter,Denmark,DEN,Europe,High,6,Medium,7,1,0,0,1,3,14.286,Snowboard,0
2006,Turin,Italy,Winter,Switzerland,SUI,Europe,High,9,Medium,3,1,1,1,3,6,100.0,Short Track,0
2006,Turin,Italy,Winter,Austria,AUT,Europe,High,9,Medium,45,1,1,3,5,8,11.111,Snowboard,0
2006,Turin,Italy,Winter,Belgium,BEL,Europe,High,11,Low,34,0,2,1,3,5,8.824,Freestyle Skiing,0
2006,Turin,Italy,Winter,Poland,POL,Europe,Medium,38,Medium,29,0,0,1,1,1,3.448,Bobsled,0
2006,Turin,Italy,Winter,Romania,ROU,Europe,Medium,19,Medium,30,0,0,1,1,1,3.333,Skeleton,0
2006,Turin,Italy,Winter,South Africa,RSA,Africa,Medium,60,Low,31,0,1,1,2,3,6.452,Bobsled,0
2006,Turin,Italy,Winter,Argentina,ARG,South America,Medium,46,Low,18,0,0,3,3,3,16.667,Freestyle Skiing,0
2006,Turin,Italy,Winter,Mexico,MEX,North America,Medium,130,Low,31,0,3,1,4,7,12.903,Biathlon Mixed Relay,0
2006,Turin,Italy,Winter,Turkey,TUR,Europe/Asia,Medium,85,Medium,46,1,2,0,3,7,6.522,Bobsled,0
2006,Turin,Italy,Winter,Iran,IRI,Asia,Medium,86,Medium,9,1,0,1,2,4,22.222,Biathlon Mixed Relay,0
2006,Turin,Italy,Winter,Kazakhstan,KAZ,Asia,Medium,19,Medium,8,0,0,1,1,1,12.5,Bobsled,0
2006,Turin,Italy,Winter,Belarus,BLR,Europe,Medium,10,Medium,13,1,0,1,2,4,15.385,Biathlon,0
2006,Turin,Italy,Winter,Croatia,CRO,Europe,Medium,4,Medium,19,1,1,2,4,7,21.053,Freestyle Skiing,0
2006,Turin,Italy,Winter,Greece,GRE,Europe,Medium,10,Low,3,2,0,0,2,6,66.667,Skeleton,0
2006,Turin,Italy,Winter,North Korea,PRK,Asia,Low,26,High,1,0,0,1,1,1,100.0,Biathlon,0
2006,Turin,Italy,Winter,Bahrain,BRN,Asia,High,2,Medium,27,1,1,2,4,7,14.815,Ice Hockey,0
2006,Turin,Italy,Winter,Uganda,UGA,Africa,Low,47,Low,27,1,1,1,3,6,11.111,Cross-Country Skiing,0
2006,Turin,Italy,Winter,Georgia,GEO,Europe/Asia,Low,4,Medium,23,1,0,1,2,4,8.696,Skeleton,0
2006,Turin,Italy,Winter,Azerbaijan,AZE,Europe/Asia,Medium,10,Medium,25,1,0,2,3,5,12.0,Cross-Country Skiing,0
2006,Turin,Italy,Winter,Slovakia,SVK,Europe,Medium,5,Medium,7,1,0,1,2,4,28.571,Cross-Country Skiing,0
2006,Turin,Italy,Winter,Finland,FIN,Europe,High,6,Medium,7,0,0,1,1,1,14.286,Freestyle Skiing,0
2006,Turin,Italy,Winter,Slovenia,SLO,Europe,High,2,Medium,30,0,1,0,1,2,3.333,Nordic Combined,0
2006,Turin,Italy,Winter,Latvia,LAT,Europe,Medium,2,Medium,1,0,1,1,2,3,200.0,Curling,0
2006,Turin,Italy,Winter,Estonia,EST,Europe,High,1,Medium,10,2,1,1,4,9,40.0,Short Track,0
2006,Turin,Italy,Winter,Lithuania,LTU,Europe,Medium,3,Medium,32,2,0,1,3,7,9.375,Luge,0
2006,Turin,Italy,Winter,Uzbekistan,UZB,Asia,Low,35,Medium,19,0,0,1,1,1,5.263,Luge,0
2006,Turin,Italy,Winter,Armenia,ARM,Europe/Asia,Low,3,Medium,26,1,0,0,1,3,3.846,Biathlon,0
2006,Turin,Italy,Winter,Mongolia,MGL,Asia,Low,3,Medium,28,1,0,1,2,4,7.143,Curling,0
2008,Beijing,China,Summer,United States,USA,North America,High,335,High,296,19,10,12,41,89,13.851,Badminton,0
2008,Beijing,China,Summer,China,CHN,Asia,High,1411,High,386,12,27,24,63,114,16.321,Surfing,1
2008,Beijing,China,Summer,Russia,RUS,Europe,Medium,144,High,211,8,7,7,22,45,10.427,Athletics,0
2008,Beijing,China,Summer,Great Britain,GBR,Europe,High,67,High,155,6,8,8,22,42,14.194,Hockey (Field),0
2008,Beijing,China,Summer,Germany,GER,Europe,High,84,High,106,4,9,10,23,40,21.698,Wrestling,0
2008,Beijing,China,Summer,Australia,AUS,Oceania,High,26,High,108,5,1,8,14,25,12.963,Diving,0
2008,Beijing,China,Summer,France,FRA,Europe,High,68,High,107,3,5,3,11,22,10.28,Pentathlon,0
2008,Beijing,China,Summer,Japan,JPN,Asia,High,125,High,126,8,2,3,13,31,10.317,Volleyball,0
2008,Beijing,China,Summer,South Korea,KOR,Asia,High,52,Medium,87,1,3,3,7,12,8.046,Triathlon,0
2008,Beijing,China,Summer,Italy,ITA,Europe,High,59,Medium,82,1,5,4,10,17,12.195,Football/Soccer,0
2008,Beijing,China,Summer,Netherlands,NED,Europe,High,18,Medium,61,4,0,4,8,16,13.115,Volleyball,0
2008,Beijing,China,Summer,Hungary,HUN,Europe,Medium,10,High,65,3,0,2,5,11,7.692,Canoe/Kayak,0
2008,Beijing,China,Summer,Norway,NOR,Europe,High,5,High,40,1,1,1,3,6,7.5,Triathlon,0
2008,Beijing,China,Summer,Canada,CAN,North America,High,38,Medium,31,3,2,1,6,14,19.355,Swimming,0
2008,Beijing,China,Summer,New Zealand,NZL,Oceania,High,5,Medium,28,0,0,3,3,3,10.714,Sailing,0
2008,Beijing,China,Summer,Cuba,CUB,North America,Low,11,High,43,1,2,0,3,7,6.977,Handball,0
2008,Beijing,China,Summer,Kenya,KEN,Africa,Low,55,Medium,21,1,0,0,1,3,4.762,Golf,0
2008,Beijing,China,Summer,Ethiopia,ETH,Africa,Low,120,Low,19,0,1,2,3,4,15.789,Weightlifting,0
2008,Beijing,China,Summer,Brazil,BRA,South America,Medium,215,Medium,16,1,0,0,1,3,6.25,Weightlifting,0
2008,Beijing,China,Summer,Ukraine,UKR,Europe,Medium,44,Medium,15,1,1,2,4,7,26.667,Boxing,0
2008,Beijing,China,Summer,Sweden,SWE,Europe,High,10,Medium,30,2,0,1,3,7,10.0,Judo,0
2008,Beijing,China,Summer,Switzerland,SUI,Europe,High,9,Medium,6,0,2,0,2,4,33.333,Canoe/Kayak,0
2008,Beijing,China,Summer,Austria,AUT,Europe,High,9,Medium,1,0,1,1,2,3,200.0,Wrestling,0
2008,Beijing,China,Summer,Belgium,BEL,Europe,High,11,Low,3,0,1,2,3,4,100.0,Weightlifting,0
2008,Beijing,China,Summer,Poland,POL,Europe,Medium,38,Medium,22,1,0,0,1,3,4.545,Canoe/Kayak,0
2008,Beijing,China,Summer,Czech Republic,CZE,Europe,Medium,11,Medium,38,2,2,1,5,11,13.158,Rowing,0
2008,Beijing,China,Summer,Romania,ROU,Europe,Medium,19,Medium,1,0,0,1,1,1,100.0,Boxing,0
2008,Beijing,China,Summer,Jamaica,JAM,North America,Low,3,Medium,10,0,1,0,1,2,10.0,Equestrian,0
2008,Beijing,China,Summer,India,IND,Asia,Medium,1400,Low,2,0,1,2,3,4,150.0,Boxing,0
2008,Beijing,China,Summer,South Africa,RSA,Africa,Medium,60,Low,34,2,1,1,4,9,11.765,Wrestling,0
2008,Beijing,China,Summer,Argentina,ARG,South America,Medium,46,Low,5,0,0,2,2,2,40.0,Triathlon,0
2008,Beijing,China,Summer,Mexico,MEX,North America,Medium,130,Low,41,0,3,0,3,6,7.317,Boxing,0
2008,Beijing,China,Summer,Kazakhstan,KAZ,Asia,Medium,19,Medium,10,1,1,0,2,5,20.0,Sport Climbing,0
2008,Beijing,China,Summer,Belarus,BLR,Europe,Medium,10,Medium,16,2,2,1,5,11,31.25,Taekwondo,0
2008,Beijing,China,Summer,Croatia,CRO,Europe,Medium,4,Medium,6,0,2,0,2,4,33.333,Fencing,0
2008,Beijing,China,Summer,Greece,GRE,Europe,Medium,10,Low,14,0,1,0,1,2,7.143,Taekwondo,0
2008,Beijing,China,Summer,North Korea,PRK,Asia,Low,26,High,30,0,1,1,2,3,6.667,Surfing,0
2008,Beijing,China,Summer,Bahrain,BRN,Asia,High,2,Medium,8,1,1,0,2,5,25.0,Wrestling,0
2008,Beijing,China,Summer,Morocco,MAR,Africa,Low,37,Low,26,0,0,1,1,1,3.846,Gymnastics,0
2008,Beijing,China,Summer,Uganda,UGA,Africa,Low,47,Low,8,3,1,2,6,13,75.0,Water Polo,0
2008,Beijing,China,Summer,Georgia,GEO,Europe/Asia,Low,4,Medium,2,1,0,1,2,4,100.0,Water Polo,0
2008,Beijing,China,Summer,Azerbaijan,AZE,Europe/Asia,Medium,10,Medium,1,1,3,0,4,9,400.0,Weightlifting,0
2008,Beijing,China,Summer,Slovakia,SVK,Europe,Medium,5,Medium,21,1,0,3,4,6,19.048,Volleyball,0
2008,Beijing,China,Summer,Finland,FIN,Europe,High,6,Medium,1,1,0,1,2,4,200.0,Wrestling,0
2008,Beijing,China,Summer,Slovenia,SLO,Europe,High,2,Medium,7,0,0,2,2,2,28.571,Sailing,0
2008,Beijing,China,Summer,Latvia,LAT,Europe,Medium,2,Medium,27,1,0,2,3,5,11.111,Golf,0
2008,Beijing,China,Summer,Estonia,EST,Europe,High,1,Medium,38,2,1,0,3,8,7.895,Basketball,0
2008,Beijing,China,Summer,Lithuania,LTU,Europe,Medium,3,Medium,32,1,0,3,4,6,12.5,Sailing,0
2008,Beijing,China,Summer,Uzbekistan,UZB,Asia,Low,35,Medium,12,1,0,0,1,3,8.333,Swimming,0
2008,Beijing,China,Summer,Thailand,THA,Asia,Medium,70,Low,40,0,3,0,3,6,7.5,Weightlifting,0
2008,Beijing,China,Summer,Dominican Republic,DOM,North America,Low,11,Low,30,2,0,1,3,7,10.0,Judo,0
2008,Beijing,China,Summer,Colombia,COL,South America,Medium,51,Low,2,1,0,2,3,5,150.0,Rowing,0
2008,Beijing,China,Summer,Armenia,ARM,Europe/Asia,Low,3,Medium,24,0,1,0,1,2,4.167,Skateboarding,0
2008,Beijing,China,Summer,Mongolia,MGL,Asia,Low,3,Medium,1,0,2,1,3,5,300.0,Triathlon,0
2008,Beijing,China,Summer,Indonesia,INA,Asia,Medium,275,Low,17,1,1,1,3,6,17.647,Judo,0
2008,Beijing,China,Summer,Philippines,PHI,Asia,Low,115,Low,22,0,0,2,2,2,9.091,Judo,0
2010,Vancouver,Canada,Winter,United States,USA,North America,High,335,High,316,8,9,21,38,63,12.025,Biathlon Mixed Relay,0
2010,Vancouver,Canada,Winter,China,CHN,Asia,High,1411,High,285,13,18,18,49,93,17.193,Biathlon Mixed Relay,0
2010,Vancouver,Canada,Winter,Russia,RUS,Europe,Medium,144,High,191,7,7,11,25,46,13.089,Biathlon Mixed Relay,0
2010,Vancouver,Canada,Winter,Great Britain,GBR,Europe,High,67,High,143,1,4,5,10,16,6.993,Curling,0
2010,Vancouver,Canada,Winter,Germany,GER,Europe,High,84,High,153,5,8,7,20,38,13.072,Speed Skating,0
2010,Vancouver,Canada,Winter,Australia,AUS,Oceania,High,26,High,111,11,4,5,20,46,18.018,Ski Jumping,0
2010,Vancouver,Canada,Winter,France,FRA,Europe,High,68,High,95,8,3,3,14,33,14.737,Ice Hockey,0
2010,Vancouver,Canada,Winter,Japan,JPN,Asia,High,125,High,106,2,8,10,20,32,18.868,Cross-Country Skiing,0
2010,Vancouver,Canada,Winter,South Korea,KOR,Asia,High,52,Medium,77,2,3,7,12,19,15.584,Curling,0
2010,Vancouver,Canada,Winter,Italy,ITA,Europe,High,59,Medium,91,2,3,7,12,19,13.187,Alpine Skiing,0
2010,Vancouver,Canada,Winter,Netherlands,NED,Europe,High,18,Medium,79,3,3,1,7,16,8.861,Cross-Country Skiing,0
2010,Vancouver,Canada,Winter,Hungary,HUN,Europe,Medium,10,High,81,3,3,4,10,19,12.346,Speed Skating,0
2010,Vancouver,Canada,Winter,Norway,NOR,Europe,High,5,High,77,4,2,2,8,18,10.39,Skeleton,0
2010,Vancouver,Canada,Winter,Canada,CAN,North America,High,38,Medium,100,3,4,3,10,20,10.0,Freestyle Skiing,1
2010,Vancouver,Canada,Winter,New Zealand,NZL,Oceania,High,5,Medium,22,1,1,0,2,5,9.091,Figure Skating,0
2010,Vancouver,Canada,Winter,Spain,ESP,Europe,High,47,Medium,29,0,1,0,1,2,3.448,Bobsled,0
2010,Vancouver,Canada,Winter,Ukraine,UKR,Europe,Medium,44,Medium,19,1,0,0,1,3,5.263,Ski Jumping,0
2010,Vancouver,Canada,Winter,Sweden,SWE,Europe,High,10,Medium,7,0,3,0,3,6,42.857,Luge,0
2010,Vancouver,Canada,Winter,Switzerland,SUI,Europe,High,9,Medium,10,1,1,0,2,5,20.0,Curling,0
2010,Vancouver,Canada,Winter,Austria,AUT,Europe,High,9,Medium,35,0,1,1,2,3,5.714,Nordic Combined,0
2010,Vancouver,Canada,Winter,Belgium,BEL,Europe,High,11,Low,39,1,1,0,2,5,5.128,Ski Jumping,0
2010,Vancouver,Canada,Winter,Poland,POL,Europe,Medium,38,Medium,53,2,2,1,5,11,9.434,Figure Skating,0
2010,Vancouver,Canada,Winter,Czech Republic,CZE,Europe,Medium,11,Medium,3,0,1,0,1,2,33.333,Alpine Skiing,0
2010,Vancouver,Canada,Winter,Romania,ROU,Europe,Medium,19,Medium,31,0,1,2,3,4,9.677,Biathlon,0
2010,Vancouver,Canada,Winter,South Africa,RSA,Africa,Medium,60,Low,1,0,0,1,1,1,100.0,Cross-Country Skiing,0
2010,Vancouver,Canada,Winter,Argentina,ARG,South America,Medium,46,Low,45,0,0,2,2,2,4.444,Short Track,0
2010,Vancouver,Canada,Winter,Mexico,MEX,North America,Medium,130,Low,23,1,1,1,3,6,13.043,Ice Hockey,0
2010,Vancouver,Canada,Winter,Turkey,TUR,Europe/Asia,Medium,85,Medium,35,2,3,0,5,12,14.286,Snowboard,0
2010,Vancouver,Canada,Winter,Kazakhstan,KAZ,Asia,Medium,19,Medium,9,0,1,1,2,3,22.222,Snowboard,0
2010,Vancouver,Canada,Winter,Belarus,BLR,Europe,Medium,10,Medium,18,0,2,1,3,5,16.667,Skeleton,0
2010,Vancouver,Canada,Winter,Croatia,CRO,Europe,Medium,4,Medium,36,1,2,1,4,8,11.111,Bobsled,0
2010,Vancouver,Canada,Winter,Greece,GRE,Europe,Medium,10,Low,15,0,0,1,1,1,6.667,Cross-Country Skiing,0
2010,Vancouver,Canada,Winter,North Korea,PRK,Asia,Low,26,High,41,1,1,2,4,7,9.756,Snowboard,0
2010,Vancouver,Canada,Winter,Bahrain,BRN,Asia,High,2,Medium,39,1,2,1,4,8,10.256,Ice Hockey,0
2010,Vancouver,Canada,Winter,Morocco,MAR,Africa,Low,37,Low,1,2,1,1,4,9,400.0,Ice Hockey,0
2010,Vancouver,Canada,Winter,Uganda,UGA,Africa,Low,47,Low,22,0,1,0,1,2,4.545,Biathlon,0
2010,Vancouver,Canada,Winter,Georgia,GEO,Europe/Asia,Low,4,Medium,31,2,0,1,3,7,9.677,Short Track,0
2010,Vancouver,Canada,Winter,Azerbaijan,AZE,Europe/Asia,Medium,10,Medium,30,1,3,1,5,10,16.667,Nordic Combined,0
2010,Vancouver,Canada,Winter,Slovakia,SVK,Europe,Medium,5,Medium,9,0,1,0,1,2,11.111,Skeleton,0
2010,Vancouver,Canada,Winter,Finland,FIN,Europe,High,6,Medium,1,1,0,2,3,5,300.0,Curling,0
2010,Vancouver,Canada,Winter,Slovenia,SLO,Europe,High,2,Medium,32,1,3,0,4,9,12.5,Biathlon Mixed Relay,0
2010,Vancouver,Canada,Winter,Latvia,LAT,Europe,Medium,2,Medium,6,1,0,2,3,5,50.0,Short Track,0
2010,Vancouver,Canada,Winter,Estonia,EST,Europe,High,1,Medium,27,2,0,0,2,6,7.407,Biathlon Mixed Relay,0
2010,Vancouver,Canada,Winter,Lithuania,LTU,Europe,Medium,3,Medium,19,1,2,0,3,7,15.789,Curling,0
2010,Vancouver,Canada,Winter,Uzbekistan,UZB,Asia,Low,35,Medium,11,1,0,1,2,4,18.182,Skeleton,0
2010,Vancouver,Canada,Winter,Armenia,ARM,Europe/Asia,Low,3,Medium,12,0,0,1,1,1,8.333,Luge,0
2010,Vancouver,Canada,Winter,Mongolia,MGL,Asia,Low,3,Medium,17,1,0,0,1,3,5.882,Skeleton,0
2012,London,United Kingdom,Summer,United States,USA,North America,High,335,High,296,9,15,7,31,64,10.473,Surfing,0
2012,London,United Kingdom,Summer,China,CHN,Asia,High,1411,High,273,14,9,15,38,75,13.919,Rowing,0
2012,London,United Kingdom,Summer,Russia,RUS,Europe,Medium,144,High,189,12,2,10,24,50,12.698,Taekwondo,0
2012,London,United Kingdom,Summer,Great Britain,GBR,Europe,High,67,High,193,8,9,12,29,54,15.026,Cycling,0
2012,London,United Kingdom,Summer,Germany,GER,Europe,High,84,High,156,5,7,7,19,36,12.179,Football/Soccer,0
2012,London,United Kingdom,Summer,Australia,AUS,Oceania,High,26,High,115,3,6,6,15,27,13.043,Wrestling,0
2012,London,United Kingdom,Summer,France,FRA,Europe,High,68,High,108,5,7,2,14,31,12.963,Fencing,0
2012,London,United Kingdom,Summer,Japan,JPN,Asia,High,125,High,98,2,6,6,14,24,14.286,Rugby Sevens,0
2012,London,United Kingdom,Summer,South Korea,KOR,Asia,High,52,Medium,72,4,1,2,7,16,9.722,Basketball,0
2012,London,United Kingdom,Summer,Italy,ITA,Europe,High,59,Medium,85,2,3,2,7,14,8.235,Weightlifting,0
2012,London,United Kingdom,Summer,Netherlands,NED,Europe,High,18,Medium,61,4,4,0,8,20,13.115,Fencing,0
2012,London,United Kingdom,Summer,Hungary,HUN,Europe,Medium,10,High,94,3,4,1,8,18,8.511,Sailing,0
2012,London,United Kingdom,Summer,Norway,NOR,Europe,High,5,High,21,0,0,2,2,2,9.524,Wrestling,0
2012,London,United Kingdom,Summer,Canada,CAN,North America,High,38,Medium,55,0,1,3,4,5,7.273,Pentathlon,0
2012,London,United Kingdom,Summer,New Zealand,NZL,Oceania,High,5,Medium,27,0,0,1,1,1,3.704,Hockey (Field),0
2012,London,United Kingdom,Summer,Cuba,CUB,North America,Low,11,High,1,1,2,1,4,8,400.0,Tennis,0
2012,London,United Kingdom,Summer,Kenya,KEN,Africa,Low,55,Medium,46,2,0,0,2,6,4.348,Athletics,0
2012,London,United Kingdom,Summer,Ethiopia,ETH,Africa,Low,120,Low,12,0,3,0,3,6,25.0,Football/Soccer,0
2012,London,United Kingdom,Summer,Brazil,BRA,South America,Medium,215,Medium,4,0,0,2,2,2,50.0,Hockey (Field),0
2012,London,United Kingdom,Summer,Spain,ESP,Europe,High,47,Medium,17,2,0,2,4,8,23.529,Swimming,0
2012,London,United Kingdom,Summer,Ukraine,UKR,Europe,Medium,44,Medium,19,1,0,1,2,4,10.526,Table Tennis,0
2012,London,United Kingdom,Summer,Denmark,DEN,Europe,High,6,Medium,11,1,0,2,3,5,27.273,Weightlifting,0
2012,London,United Kingdom,Summer,Austria,AUT,Europe,High,9,Medium,55,0,2,0,2,4,3.636,Canoe/Kayak,0
2012,London,United Kingdom,Summer,Belgium,BEL,Europe,High,11,Low,29,0,1,0,1,2,3.448,Hockey (Field),0
2012,London,United Kingdom,Summer,Poland,POL,Europe,Medium,38,Medium,39,0,1,1,2,3,5.128,Football/Soccer,0
2012,London,United Kingdom,Summer,Czech Republic,CZE,Europe,Medium,11,Medium,17,3,1,3,7,14,41.176,Wrestling,0
2012,London,United Kingdom,Summer,Romania,ROU,Europe,Medium,19,Medium,24,1,0,1,2,4,8.333,Football/Soccer,0
2012,London,United Kingdom,Summer,Jamaica,JAM,North America,Low,3,Medium,24,1,0,0,1,3,4.167,Rugby Sevens,0
2012,London,United Kingdom,Summer,India,IND,Asia,Medium,1400,Low,34,3,1,0,4,11,11.765,Fencing,0
2012,London,United Kingdom,Summer,South Africa,RSA,Africa,Medium,60,Low,1,0,1,2,3,4,300.0,Skateboarding,0
2012,London,United Kingdom,Summer,Argentina,ARG,South America,Medium,46,Low,39,1,2,2,5,9,12.821,Athletics,0
2012,London,United Kingdom,Summer,Mexico,MEX,North America,Medium,130,Low,35,0,1,0,1,2,2.857,Badminton,0
2012,London,United Kingdom,Summer,Turkey,TUR,Europe/Asia,Medium,85,Medium,17,0,1,1,2,3,11.765,Triathlon,0
2012,London,United Kingdom,Summer,Iran,IRI,Asia,Medium,86,Medium,33,1,0,0,1,3,3.03,Sport Climbing,0
2012,London,United Kingdom,Summer,Kazakhstan,KAZ,Asia,Medium,19,Medium,5,0,0,1,1,1,20.0,Boxing,0
2012,London,United Kingdom,Summer,Belarus,BLR,Europe,Medium,10,Medium,23,1,0,1,2,4,8.696,Weightlifting,0
2012,London,United Kingdom,Summer,Croatia,CRO,Europe,Medium,4,Medium,21,2,2,0,4,10,19.048,Basketball,0
2012,London,United Kingdom,Summer,Greece,GRE,Europe,Medium,10,Low,37,3,1,0,4,11,10.811,Table Tennis,0
2012,London,United Kingdom,Summer,North Korea,PRK,Asia,Low,26,High,10,0,0,3,3,3,30.0,Basketball,0
2012,London,United Kingdom,Summer,Bahrain,BRN,Asia,High,2,Medium,1,3,0,0,3,9,300.0,Taekwondo,0
2012,London,United Kingdom,Summer,Morocco,MAR,Africa,Low,37,Low,59,1,1,1,3,6,5.085,Badminton,0
2012,London,United Kingdom,Summer,Uganda,UGA,Africa,Low,47,Low,6,0,1,1,2,3,33.333,Canoe/Kayak,0
2012,London,United Kingdom,Summer,Georgia,GEO,Europe/Asia,Low,4,Medium,17,0,1,3,4,5,23.529,Water Polo,0
2012,London,United Kingdom,Summer,Azerbaijan,AZE,Europe/Asia,Medium,10,Medium,18,0,1,0,1,2,5.556,Diving,0
2012,London,United Kingdom,Summer,Slovakia,SVK,Europe,Medium,5,Medium,17,0,2,1,3,5,17.647,Gymnastics,0
2012,London,United Kingdom,Summer,Finland,FIN,Europe,High,6,Medium,11,1,2,1,4,8,36.364,Wrestling,0
2012,London,United Kingdom,Summer,Slovenia,SLO,Europe,High,2,Medium,24,0,1,0,1,2,4.167,Surfing,0
2012,London,United Kingdom,Summer,Latvia,LAT,Europe,Medium,2,Medium,8,0,1,0,1,2,12.5,Cycling,0
2012,London,United Kingdom,Summer,Estonia,EST,Europe,High,1,Medium,16,0,2,1,3,5,18.75,Gymnastics,0
2012,London,United Kingdom,Summer,Lithuania,LTU,Europe,Medium,3,Medium,35,0,2,0,2,4,5.714,Pentathlon,0
2012,London,United Kingdom,Summer,Uzbekistan,UZB,Asia,Low,35,Medium,7,1,0,0,1,3,14.286,Water Polo,0
2012,London,United Kingdom,Summer,Dominican Republic,DOM,North America,Low,11,Low,30,2,0,1,3,7,10.0,Table Tennis,0
2012,London,United Kingdom,Summer,Colombia,COL,South America,Medium,51,Low,39,1,1,0,2,5,5.128,Triathlon,0
2012,London,United Kingdom,Summer,Armenia,ARM,Europe/Asia,Low,3,Medium,6,0,0,1,1,1,16.667,Golf,0
2012,London,United Kingdom,Summer,Mongolia,MGL,Asia,Low,3,Medium,17,0,1,1,2,3,11.765,Breakdancing,0
2012,London,United Kingdom,Summer,Philippines,PHI,Asia,Low,115,Low,24,0,1,1,2,3,8.333,Swimming,0
2014,Sochi,Russia,Winter,United States,USA,North America,High,335,High,309,22,9,17,48,101,15.534,Freestyle Skiing,0
2014,Sochi,Russia,Winter,China,CHN,Asia,High,1411,High,270,16,16,13,45,93,16.667,Speed Skating,0
2014,Sochi,Russia,Winter,Russia,RUS,Europe,Medium,144,High,224,11,15,13,39,76,17.411,Freestyle Skiing,1
2014,Sochi,Russia,Winter,Great Britain,GBR,Europe,High,67,High,198,5,17,11,33,60,16.667,Snowboard,0
2014,Sochi,Russia,Winter,Germany,GER,Europe,High,84,High,144,5,4,6,15,29,10.417,Skeleton,0
2014,Sochi,Russia,Winter,Australia,AUS,Oceania,High,26,High,107,5,2,4,11,23,10.28,Ice Hockey,0
2014,Sochi,Russia,Winter,France,FRA,Europe,High,68,High,107,3,6,6,15,27,14.019,Speed Skating,0
2014,Sochi,Russia,Winter,Japan,JPN,Asia,High,125,High,136,5,2,2,9,21,6.618,Ice Hockey,0
2014,Sochi,Russia,Winter,South Korea,KOR,Asia,High,52,Medium,88,2,3,5,10,17,11.364,Ice Hockey,0
2014,Sochi,Russia,Winter,Italy,ITA,Europe,High,59,Medium,91,1,3,8,12,17,13.187,Luge,0
2014,Sochi,Russia,Winter,Netherlands,NED,Europe,High,18,Medium,72,2,4,2,8,16,11.111,Luge,0
2014,Sochi,Russia,Winter,Hungary,HUN,Europe,Medium,10,High,57,3,3,0,6,15,10.526,Alpine Skiing,0
2014,Sochi,Russia,Winter,Norway,NOR,Europe,High,5,High,60,1,4,5,10,16,16.667,Cross-Country Skiing,0
2014,Sochi,Russia,Winter,Canada,CAN,North America,High,38,Medium,79,5,4,2,11,25,13.924,Curling,0
2014,Sochi,Russia,Winter,New Zealand,NZL,Oceania,High,5,Medium,13,1,1,2,4,7,30.769,Skeleton,0
2014,Sochi,Russia,Winter,Spain,ESP,Europe,High,47,Medium,50,0,1,1,2,3,4.0,Luge,0
2014,Sochi,Russia,Winter,Ukraine,UKR,Europe,Medium,44,Medium,41,1,3,0,4,9,9.756,Biathlon Mixed Relay,0
2014,Sochi,Russia,Winter,Sweden,SWE,Europe,High,10,Medium,10,0,0,1,1,1,10.0,Luge,0
2014,Sochi,Russia,Winter,Denmark,DEN,Europe,High,6,Medium,3,1,2,1,4,8,133.333,Ice Hockey,0
2014,Sochi,Russia,Winter,Belgium,BEL,Europe,High,11,Low,15,2,1,1,4,9,26.667,Alpine Skiing,0
2014,Sochi,Russia,Winter,Poland,POL,Europe,Medium,38,Medium,1,1,0,1,2,4,200.0,Nordic Combined,0
2014,Sochi,Russia,Winter,Czech Republic,CZE,Europe,Medium,11,Medium,15,3,1,0,4,11,26.667,Freestyle Skiing,0
2014,Sochi,Russia,Winter,Romania,ROU,Europe,Medium,19,Medium,54,0,0,2,2,2,3.704,Ice Hockey,0
2014,Sochi,Russia,Winter,South Africa,RSA,Africa,Medium,60,Low,12,1,0,2,3,5,25.0,Bobsled,0
2014,Sochi,Russia,Winter,Argentina,ARG,South America,Medium,46,Low,9,1,0,1,2,4,22.222,Ski Jumping,0
2014,Sochi,Russia,Winter,Mexico,MEX,North America,Medium,130,Low,15,1,0,1,2,4,13.333,Skeleton,0
2014,Sochi,Russia,Winter,Turkey,TUR,Europe/Asia,Medium,85,Medium,5,1,0,0,1,3,20.0,Biathlon,0
2014,Sochi,Russia,Winter,Iran,IRI,Asia,Medium,86,Medium,1,1,1,0,2,5,200.0,Ski Jumping,0
2014,Sochi,Russia,Winter,Kazakhstan,KAZ,Asia,Medium,19,Medium,36,3,0,1,4,10,11.111,Ski Jumping,0
2014,Sochi,Russia,Winter,Belarus,BLR,Europe,Medium,10,Medium,14,0,2,1,3,5,21.429,Bobsled,0
2014,Sochi,Russia,Winter,Croatia,CRO,Europe,Medium,4,Medium,32,0,1,0,1,2,3.125,Curling,0
2014,Sochi,Russia,Winter,Greece,GRE,Europe,Medium,10,Low,14,2,1,1,4,9,28.571,Biathlon Mixed Relay,0
2014,Sochi,Russia,Winter,North Korea,PRK,Asia,Low,26,High,3,1,1,0,2,5,66.667,Cross-Country Skiing,0
2014,Sochi,Russia,Winter,Morocco,MAR,Africa,Low,37,Low,44,1,0,0,1,3,2.273,Ice Hockey,0
2014,Sochi,Russia,Winter,Uganda,UGA,Africa,Low,47,Low,40,0,0,1,1,1,2.5,Biathlon,0
2014,Sochi,Russia,Winter,Georgia,GEO,Europe/Asia,Low,4,Medium,17,0,0,1,1,1,5.882,Bobsled,0
2014,Sochi,Russia,Winter,Azerbaijan,AZE,Europe/Asia,Medium,10,Medium,27,3,0,0,3,9,11.111,Ice Hockey,0
2014,Sochi,Russia,Winter,Slovakia,SVK,Europe,Medium,5,Medium,9,0,0,1,1,1,11.111,Snowboard,0
2014,Sochi,Russia,Winter,Finland,FIN,Europe,High,6,Medium,20,1,0,1,2,4,10.0,Nordic Combined,0
2014,Sochi,Russia,Winter,Slovenia,SLO,Europe,High,2,Medium,51,1,1,1,3,6,5.882,Cross-Country Skiing,0
2014,Sochi,Russia,Winter,Latvia,LAT,Europe,Medium,2,Medium,11,0,1,1,2,3,18.182,Curling,0
2014,Sochi,Russia,Winter,Estonia,EST,Europe,High,1,Medium,1,0,2,0,2,4,200.0,Alpine Skiing,0
2014,Sochi,Russia,Winter,Uzbekistan,UZB,Asia,Low,35,Medium,42,0,1,0,1,2,2.381,Snowboard,0
2014,Sochi,Russia,Winter,Armenia,ARM,Europe/Asia,Low,3,Medium,1,0,0,2,2,2,200.0,Alpine Skiing,0
2016,Rio de Janeiro,Brazil,Summer,United States,USA,North America,High,335,High,303,13,5,16,34,65,11.221,Cycling,0
2016,Rio de Janeiro,Brazil,Summer,China,CHN,Asia,High,1411,High,292,14,12,21,47,87,16.096,Pentathlon,0
2016,Rio de Janeiro,Brazil,Summer,Russia,RUS,Europe,Medium,144,High,180,8,8,9,25,49,13.889,Skateboarding,0
2016,Rio de Janeiro,Brazil,Summer,Great Britain,GBR,Europe,High,67,High,203,8,10,12,30,56,14.778,Cycling,0
2016,Rio de Janeiro,Brazil,Summer,Germany,GER,Europe,High,84,High,138,5,5,4,14,29,10.145,Taekwondo,0
2016,Rio de Janeiro,Brazil,Summer,Australia,AUS,Oceania,High,26,High,133,3,4,8,15,25,11.278,Weightlifting,0
2016,Rio de Janeiro,Brazil,Summer,France,FRA,Europe,High,68,High,94,7,4,4,15,33,15.957,Table Tennis,0
2016,Rio de Janeiro,Brazil,Summer,Japan,JPN,Asia,High,125,High,114,2,2,4,8,14,7.018,Hockey (Field),0
2016,Rio de Janeiro,Brazil,Summer,South Korea,KOR,Asia,High,52,Medium,58,4,6,1,11,25,18.966,Athletics,0
2016,Rio de Janeiro,Brazil,Summer,Italy,ITA,Europe,High,59,Medium,82,5,3,7,15,28,18.293,Archery,0
2016,Rio de Janeiro,Brazil,Summer,Netherlands,NED,Europe,High,18,Medium,84,1,4,4,9,15,10.714,Sailing,0
2016,Rio de Janeiro,Brazil,Summer,Hungary,HUN,Europe,Medium,10,High,79,4,3,3,10,21,12.658,Shooting,0
2016,Rio de Janeiro,Brazil,Summer,Norway,NOR,Europe,High,5,High,20,3,3,1,7,16,35.0,Surfing,0
2016,Rio de Janeiro,Brazil,Summer,Canada,CAN,North America,High,38,Medium,27,4,1,5,10,19,37.037,Skateboarding,0
2016,Rio de Janeiro,Brazil,Summer,New Zealand,NZL,Oceania,High,5,Medium,11,2,0,1,3,7,27.273,Canoe/Kayak,0
2016,Rio de Janeiro,Brazil,Summer,Cuba,CUB,North America,Low,11,High,11,2,3,0,5,12,45.455,Badminton,0
2016,Rio de Janeiro,Brazil,Summer,Kenya,KEN,Africa,Low,55,Medium,12,2,0,0,2,6,16.667,Golf,0
2016,Rio de Janeiro,Brazil,Summer,Ethiopia,ETH,Africa,Low,120,Low,38,2,0,1,3,7,7.895,Cycling,0
2016,Rio de Janeiro,Brazil,Summer,Brazil,BRA,South America,Medium,215,Medium,26,4,0,2,6,14,23.077,Hockey (Field),1
2016,Rio de Janeiro,Brazil,Summer,Spain,ESP,Europe,High,47,Medium,40,1,0,1,2,4,5.0,Canoe/Kayak,0
2016,Rio de Janeiro,Brazil,Summer,Sweden,SWE,Europe,High,10,Medium,10,1,1,2,4,7,40.0,Cycling,0
2016,Rio de Janeiro,Brazil,Summer,Denmark,DEN,Europe,High,6,Medium,13,0,1,2,3,4,23.077,Swimming,0
2016,Rio de Janeiro,Brazil,Summer,Switzerland,SUI,Europe,High,9,Medium,22,1,1,0,2,5,9.091,Pentathlon,0
2016,Rio de Janeiro,Brazil,Summer,Austria,AUT,Europe,High,9,Medium,31,1,0,1,2,4,6.452,Sport Climbing,0
2016,Rio de Janeiro,Brazil,Summer,Belgium,BEL,Europe,High,11,Low,26,0,1,0,1,2,3.846,Golf,0
2016,Rio de Janeiro,Brazil,Summer,Poland,POL,Europe,Medium,38,Medium,14,1,1,1,3,6,21.429,Football/Soccer,0
2016,Rio de Janeiro,Brazil,Summer,Czech Republic,CZE,Europe,Medium,11,Medium,13,0,1,1,2,3,15.385,Fencing,0
2016,Rio de Janeiro,Brazil,Summer,Romania,ROU,Europe,Medium,19,Medium,7,1,1,0,2,5,28.571,Skateboarding,0
2016,Rio de Janeiro,Brazil,Summer,Jamaica,JAM,North America,Low,3,Medium,37,0,1,1,2,3,5.405,Basketball,0
2016,Rio de Janeiro,Brazil,Summer,India,IND,Asia,Medium,1400,Low,23,1,0,0,1,3,4.348,Athletics,0
2016,Rio de Janeiro,Brazil,Summer,South Africa,RSA,Africa,Medium,60,Low,28,1,0,0,1,3,3.571,Shooting,0
2016,Rio de Janeiro,Brazil,Summer,Argentina,ARG,South America,Medium,46,Low,28,2,1,2,5,10,17.857,Triathlon,0
2016,Rio de Janeiro,Brazil,Summer,Mexico,MEX,North America,Medium,130,Low,55,0,0,1,1,1,1.818,Pentathlon,0
2016,Rio de Janeiro,Brazil,Summer,Turkey,TUR,Europe/Asia,Medium,85,Medium,9,1,0,1,2,4,22.222,Table Tennis,0
2016,Rio de Janeiro,Brazil,Summer,Iran,IRI,Asia,Medium,86,Medium,1,1,0,0,1,3,100.0,Cycling,0
2016,Rio de Janeiro,Brazil,Summer,Kazakhstan,KAZ,Asia,Medium,19,Medium,23,1,1,0,2,5,8.696,Boxing,0
2016,Rio de Janeiro,Brazil,Summer,Belarus,BLR,Europe,Medium,10,Medium,27,1,1,0,2,5,7.407,Taekwondo,0
2016,Rio de Janeiro,Brazil,Summer,Croatia,CRO,Europe,Medium,4,Medium,22,0,0,1,1,1,4.545,Shooting,0
2016,Rio de Janeiro,Brazil,Summer,Greece,GRE,Europe,Medium,10,Low,25,2,0,2,4,8,16.0,Weightlifting,0
2016,Rio de Janeiro,Brazil,Summer,North Korea,PRK,Asia,Low,26,High,1,0,1,1,2,3,200.0,Breakdancing,0
2016,Rio de Janeiro,Brazil,Summer,Bahrain,BRN,Asia,High,2,Medium,22,0,0,1,1,1,4.545,Breakdancing,0
2016,Rio de Janeiro,Brazil,Summer,Morocco,MAR,Africa,Low,37,Low,1,1,0,0,1,3,100.0,Volleyball,0
2016,Rio de Janeiro,Brazil,Summer,Uganda,UGA,Africa,Low,47,Low,19,1,0,1,2,4,10.526,Badminton,0
2016,Rio de Janeiro,Brazil,Summer,Georgia,GEO,Europe/Asia,Low,4,Medium,1,0,1,3,4,5,400.0,Weightlifting,0
2016,Rio de Janeiro,Brazil,Summer,Azerbaijan,AZE,Europe/Asia,Medium,10,Medium,15,1,1,0,2,5,13.333,Volleyball,0
2016,Rio de Janeiro,Brazil,Summer,Slovakia,SVK,Europe,Medium,5,Medium,4,1,0,1,2,4,50.0,Water Polo,0
2016,Rio de Janeiro,Brazil,Summer,Finland,FIN,Europe,High,6,Medium,17,0,1,1,2,3,11.765,Swimming,0
2016,Rio de Janeiro,Brazil,Summer,Slovenia,SLO,Europe,High,2,Medium,34,0,1,0,1,2,2.941,Handball,0
2016,Rio de Janeiro,Brazil,Summer,Latvia,LAT,Europe,Medium,2,Medium,10,1,0,2,3,5,30.0,Diving,0
2016,Rio de Janeiro,Brazil,Summer,Estonia,EST,Europe,High,1,Medium,39,1,0,0,1,3,2.564,Archery,0
2016,Rio de Janeiro,Brazil,Summer,Lithuania,LTU,Europe,Medium,3,Medium,25,2,1,0,3,8,12.0,Gymnastics,0
2016,Rio de Janeiro,Brazil,Summer,Uzbekistan,UZB,Asia,Low,35,Medium,3,1,3,0,4,9,133.333,Volleyball,0
2016,Rio de Janeiro,Brazil,Summer,Thailand,THA,Asia,Medium,70,Low,12,2,4,3,9,17,75.0,Sailing,0
2016,Rio de Janeiro,Brazil,Summer,Dominican Republic,DOM,North America,Low,11,Low,46,0,0,1,1,1,2.174,Athletics,0
2016,Rio de Janeiro,Brazil,Summer,Colombia,COL,South America,Medium,51,Low,13,1,1,0,2,5,15.385,Taekwondo,0
2016,Rio de Janeiro,Brazil,Summer,Armenia,ARM,Europe/Asia,Low,3,Medium,3,1,0,1,2,4,66.667,Diving,0
2016,Rio de Janeiro,Brazil,Summer,Indonesia,INA,Asia,Medium,275,Low,17,1,0,0,1,3,5.882,Athletics,0
2016,Rio de Janeiro,Brazil,Summer,Philippines,PHI,Asia,Low,115,Low,18,2,0,1,3,7,16.667,Volleyball,0
2018,PyeongChang,South Korea,Winter,United States,USA,North America,High,335,High,292,9,10,16,35,63,11.986,Biathlon Mixed Relay,0
2018,PyeongChang,South Korea,Winter,China,CHN,Asia,High,1411,High,313,14,12,10,36,76,11.502,Snowboard,0
2018,PyeongChang,South Korea,Winter,Russia,RUS,Europe,Medium,144,High,215,10,8,5,23,51,10.698,Figure Skating,0
2018,PyeongChang,South Korea,Winter,Great Britain,GBR,Europe,High,67,High,200,13,4,10,27,57,13.5,Biathlon,0
2018,PyeongChang,South Korea,Winter,Germany,GER,Europe,High,84,High,136,6,7,4,17,36,12.5,Figure Skating,0
2018,PyeongChang,South Korea,Winter,Australia,AUS,Oceania,High,26,High,101,4,8,5,17,33,16.832,Cross-Country Skiing,0
2018,PyeongChang,South Korea,Winter,France,FRA,Europe,High,68,High,94,8,6,4,18,40,19.149,Short Track,0
2018,PyeongChang,South Korea,Winter,Japan,JPN,Asia,High,125,High,132,7,6,5,18,38,13.636,Curling,0
2018,PyeongChang,South Korea,Winter,South Korea,KOR,Asia,High,52,Medium,107,3,3,5,11,20,10.28,Ski Jumping,1
2018,PyeongChang,South Korea,Winter,Italy,ITA,Europe,High,59,Medium,65,5,5,3,13,28,20.0,Speed Skating,0
2018,PyeongChang,South Korea,Winter,Netherlands,NED,Europe,High,18,Medium,72,2,7,0,9,20,12.5,Ski Jumping,0
2018,PyeongChang,South Korea,Winter,Hungary,HUN,Europe,Medium,10,High,69,1,3,3,7,12,10.145,Cross-Country Skiing,0
2018,PyeongChang,South Korea,Winter,Norway,NOR,Europe,High,5,High,65,1,7,4,12,21,18.462,Figure Skating,0
2018,PyeongChang,South Korea,Winter,Canada,CAN,North America,High,38,Medium,89,3,2,7,12,20,13.483,Luge,0
2018,PyeongChang,South Korea,Winter,New Zealand,NZL,Oceania,High,5,Medium,1,0,0,1,1,1,100.0,Bobsled,0
2018,PyeongChang,South Korea,Winter,Ukraine,UKR,Europe,Medium,44,Medium,22,1,0,1,2,4,9.091,Freestyle Skiing,0
2018,PyeongChang,South Korea,Winter,Sweden,SWE,Europe,High,10,Medium,13,1,1,0,2,5,15.385,Cross-Country Skiing,0
2018,PyeongChang,South Korea,Winter,Denmark,DEN,Europe,High,6,Medium,32,1,1,1,3,6,9.375,Luge,0
2018,PyeongChang,South Korea,Winter,Austria,AUT,Europe,High,9,Medium,2,2,0,2,4,8,200.0,Freestyle Skiing,0
2018,PyeongChang,South Korea,Winter,Belgium,BEL,Europe,High,11,Low,14,2,0,0,2,6,14.286,Ski Jumping,0
2018,PyeongChang,South Korea,Winter,Poland,POL,Europe,Medium,38,Medium,1,1,0,0,1,3,100.0,Skeleton,0
2018,PyeongChang,South Korea,Winter,Czech Republic,CZE,Europe,Medium,11,Medium,10,0,3,0,3,6,30.0,Nordic Combined,0
2018,PyeongChang,South Korea,Winter,Romania,ROU,Europe,Medium,19,Medium,10,2,0,1,3,7,30.0,Biathlon,0
2018,PyeongChang,South Korea,Winter,South Africa,RSA,Africa,Medium,60,Low,18,1,0,1,2,4,11.111,Snowboard,0
2018,PyeongChang,South Korea,Winter,Argentina,ARG,South America,Medium,46,Low,10,0,0,1,1,1,10.0,Luge,0
2018,PyeongChang,South Korea,Winter,Mexico,MEX,North America,Medium,130,Low,1,1,1,1,3,6,300.0,Snowboard,0
2018,PyeongChang,South Korea,Winter,Turkey,TUR,Europe/Asia,Medium,85,Medium,9,0,1,1,2,3,22.222,Biathlon Mixed Relay,0
2018,PyeongChang,South Korea,Winter,Iran,IRI,Asia,Medium,86,Medium,34,2,1,0,3,8,8.824,Skeleton,0
2018,PyeongChang,South Korea,Winter,Belarus,BLR,Europe,Medium,10,Medium,25,1,1,1,3,6,12.0,Alpine Skiing,0
2018,PyeongChang,South Korea,Winter,Croatia,CRO,Europe,Medium,4,Medium,1,1,0,1,2,4,200.0,Speed Skating,0
2018,PyeongChang,South Korea,Winter,Greece,GRE,Europe,Medium,10,Low,17,1,0,1,2,4,11.765,Ice Hockey,0
2018,PyeongChang,South Korea,Winter,Bahrain,BRN,Asia,High,2,Medium,24,0,1,1,2,3,8.333,Alpine Skiing,0
2018,PyeongChang,South Korea,Winter,Uganda,UGA,Africa,Low,47,Low,20,2,1,2,5,10,25.0,Nordic Combined,0
2018,PyeongChang,South Korea,Winter,Georgia,GEO,Europe/Asia,Low,4,Medium,32,1,2,0,3,7,9.375,Biathlon,0
2018,PyeongChang,South Korea,Winter,Azerbaijan,AZE,Europe/Asia,Medium,10,Medium,2,0,1,0,1,2,50.0,Ice Hockey,0
2018,PyeongChang,South Korea,Winter,Slovakia,SVK,Europe,Medium,5,Medium,14,2,0,1,3,7,21.429,Curling,0
2018,PyeongChang,South Korea,Winter,Finland,FIN,Europe,High,6,Medium,1,0,1,1,2,3,200.0,Biathlon Mixed Relay,0
2018,PyeongChang,South Korea,Winter,Slovenia,SLO,Europe,High,2,Medium,27,0,1,0,1,2,3.704,Ski Jumping,0
2018,PyeongChang,South Korea,Winter,Latvia,LAT,Europe,Medium,2,Medium,11,0,2,1,3,5,27.273,Bobsled,0
2018,PyeongChang,South Korea,Winter,Estonia,EST,Europe,High,1,Medium,6,1,0,1,2,4,33.333,Snowboard,0
2018,PyeongChang,South Korea,Winter,Lithuania,LTU,Europe,Medium,3,Medium,35,1,2,5,8,12,22.857,Biathlon Mixed Relay,0
2018,PyeongChang,South Korea,Winter,Uzbekistan,UZB,Asia,Low,35,Medium,33,1,0,3,4,6,12.121,Cross-Country Skiing,0
2018,PyeongChang,South Korea,Winter,Armenia,ARM,Europe/Asia,Low,3,Medium,11,1,0,0,1,3,9.091,Freestyle Skiing,0
2018,PyeongChang,South Korea,Winter,Mongolia,MGL,Asia,Low,3,Medium,34,2,0,1,3,7,8.824,Short Track,0
2020,Tokyo,Japan,Summer,United States,USA,North America,High,335,High,287,12,9,20,41,74,14.286,Basketball,0
2020,Tokyo,Japan,Summer,China,CHN,Asia,High,1411,High,286,14,10,10,34,72,11.888,Athletics,0
2020,Tokyo,Japan,Summer,Russia,RUS,Europe,Medium,144,High,201,6,11,2,19,42,9.453,Taekwondo,0
2020,Tokyo,Japan,Summer,Great Britain,GBR,Europe,High,67,High,199,9,10,7,26,54,13.065,Triathlon,0
2020,Tokyo,Japan,Summer,Germany,GER,Europe,High,84,High,154,9,6,6,21,45,13.636,Canoe/Kayak,0
2020,Tokyo,Japan,Summer,Australia,AUS,Oceania,High,26,High,112,10,4,6,20,44,17.857,Fencing,0
2020,Tokyo,Japan,Summer,France,FRA,Europe,High,68,High,105,2,4,8,14,22,13.333,Canoe/Kayak,0
2020,Tokyo,Japan,Summer,Japan,JPN,Asia,High,125,High,203,7,11,9,27,52,13.3,Breakdancing,1
2020,Tokyo,Japan,Summer,South Korea,KOR,Asia,High,52,Medium,63,7,1,5,13,28,20.635,Hockey (Field),0
2020,Tokyo,Japan,Summer,Italy,ITA,Europe,High,59,Medium,100,5,2,5,12,24,12.0,Athletics,0
2020,Tokyo,Japan,Summer,Netherlands,NED,Europe,High,18,Medium,84,5,3,2,10,23,11.905,Sailing,0
2020,Tokyo,Japan,Summer,Hungary,HUN,Europe,Medium,10,High,62,3,3,2,8,17,12.903,Athletics,0
2020,Tokyo,Japan,Summer,Norway,NOR,Europe,High,5,High,39,2,5,4,11,20,28.205,Triathlon,0
2020,Tokyo,Japan,Summer,Canada,CAN,North America,High,38,Medium,62,1,2,0,3,7,4.839,Rugby Sevens,0
2020,Tokyo,Japan,Summer,New Zealand,NZL,Oceania,High,5,Medium,1,0,1,2,3,4,300.0,Gymnastics,0
2020,Tokyo,Japan,Summer,Cuba,CUB,North America,Low,11,High,12,0,0,1,1,1,8.333,Gymnastics,0
2020,Tokyo,Japan,Summer,Kenya,KEN,Africa,Low,55,Medium,11,0,0,1,1,1,9.091,Fencing,0
2020,Tokyo,Japan,Summer,Ethiopia,ETH,Africa,Low,120,Low,38,1,0,1,2,4,5.263,Sailing,0
2020,Tokyo,Japan,Summer,Brazil,BRA,South America,Medium,215,Medium,20,1,1,0,2,5,10.0,Boxing,0
2020,Tokyo,Japan,Summer,Spain,ESP,Europe,High,47,Medium,18,0,1,1,2,3,11.111,Triathlon,0
2020,Tokyo,Japan,Summer,Ukraine,UKR,Europe,Medium,44,Medium,31,2,1,3,6,11,19.355,Badminton,0
2020,Tokyo,Japan,Summer,Sweden,SWE,Europe,High,10,Medium,11,1,1,1,3,6,27.273,Swimming,0
2020,Tokyo,Japan,Summer,Denmark,DEN,Europe,High,6,Medium,27,3,0,2,5,11,18.519,Water Polo,0
2020,Tokyo,Japan,Summer,Switzerland,SUI,Europe,High,9,Medium,5,1,0,0,1,3,20.0,Taekwondo,0
2020,Tokyo,Japan,Summer,Austria,AUT,Europe,High,9,Medium,51,2,2,0,4,10,7.843,Rugby Sevens,0
2020,Tokyo,Japan,Summer,Belgium,BEL,Europe,High,11,Low,21,2,0,1,3,7,14.286,Pentathlon,0
2020,Tokyo,Japan,Summer,Poland,POL,Europe,Medium,38,Medium,6,2,0,1,3,7,50.0,Gymnastics,0
2020,Tokyo,Japan,Summer,Czech Republic,CZE,Europe,Medium,11,Medium,2,1,0,0,1,3,50.0,Equestrian,0
2020,Tokyo,Japan,Summer,Romania,ROU,Europe,Medium,19,Medium,1,0,2,0,2,4,200.0,Gymnastics,0
2020,Tokyo,Japan,Summer,Jamaica,JAM,North America,Low,3,Medium,38,0,3,0,3,6,7.895,Surfing,0
2020,Tokyo,Japan,Summer,India,IND,Asia,Medium,1400,Low,23,1,0,0,1,3,4.348,Taekwondo,0
2020,Tokyo,Japan,Summer,South Africa,RSA,Africa,Medium,60,Low,10,2,1,0,3,8,30.0,Taekwondo,0
2020,Tokyo,Japan,Summer,Argentina,ARG,South America,Medium,46,Low,1,1,0,1,2,4,200.0,Water Polo,0
2020,Tokyo,Japan,Summer,Mexico,MEX,North America,Medium,130,Low,20,1,0,0,1,3,5.0,Tennis,0
2020,Tokyo,Japan,Summer,Turkey,TUR,Europe/Asia,Medium,85,Medium,17,0,1,1,2,3,11.765,Surfing,0
2020,Tokyo,Japan,Summer,Iran,IRI,Asia,Medium,86,Medium,6,0,1,0,1,2,16.667,Diving,0
2020,Tokyo,Japan,Summer,Kazakhstan,KAZ,Asia,Medium,19,Medium,30,1,2,2,5,9,16.667,Surfing,0
2020,Tokyo,Japan,Summer,Belarus,BLR,Europe,Medium,10,Medium,39,3,0,1,4,10,10.256,Canoe/Kayak,0
2020,Tokyo,Japan,Summer,Croatia,CRO,Europe,Medium,4,Medium,39,0,3,1,4,7,10.256,Canoe/Kayak,0
2020,Tokyo,Japan,Summer,Greece,GRE,Europe,Medium,10,Low,15,0,1,0,1,2,6.667,Basketball,0
2020,Tokyo,Japan,Summer,North Korea,PRK,Asia,Low,26,High,24,0,2,2,4,6,16.667,Cycling,0
2020,Tokyo,Japan,Summer,Bahrain,BRN,Asia,High,2,Medium,14,0,0,2,2,2,14.286,Sailing,0
2020,Tokyo,Japan,Summer,Morocco,MAR,Africa,Low,37,Low,1,2,0,1,3,7,300.0,Badminton,0
2020,Tokyo,Japan,Summer,Uganda,UGA,Africa,Low,47,Low,10,0,1,0,1,2,10.0,Handball,0
2020,Tokyo,Japan,Summer,Georgia,GEO,Europe/Asia,Low,4,Medium,14,0,0,2,2,2,14.286,Surfing,0
2020,Tokyo,Japan,Summer,Azerbaijan,AZE,Europe/Asia,Medium,10,Medium,25,0,1,0,1,2,4.0,Surfing,0
2020,Tokyo,Japan,Summer,Slovakia,SVK,Europe,Medium,5,Medium,30,1,1,0,2,5,6.667,Archery,0
2020,Tokyo,Japan,Summer,Finland,FIN,Europe,High,6,Medium,16,0,1,0,1,2,6.25,Surfing,0
2020,Tokyo,Japan,Summer,Slovenia,SLO,Europe,High,2,Medium,22,0,0,2,2,2,9.091,Skateboarding,0
2020,Tokyo,Japan,Summer,Latvia,LAT,Europe,Medium,2,Medium,18,0,0,2,2,2,11.111,Judo,0
2020,Tokyo,Japan,Summer,Estonia,EST,Europe,High,1,Medium,25,1,2,0,3,7,12.0,Volleyball,0
2020,Tokyo,Japan,Summer,Lithuania,LTU,Europe,Medium,3,Medium,34,0,1,1,2,3,5.882,Cycling,0
2020,Tokyo,Japan,Summer,Uzbekistan,UZB,Asia,Low,35,Medium,23,0,0,2,2,2,8.696,Athletics,0
2020,Tokyo,Japan,Summer,Thailand,THA,Asia,Medium,70,Low,54,0,0,1,1,1,1.852,Sailing,0
2020,Tokyo,Japan,Summer,Dominican Republic,DOM,North America,Low,11,Low,25,2,0,0,2,6,8.0,Skateboarding,0
2020,Tokyo,Japan,Summer,Colombia,COL,South America,Medium,51,Low,19,1,0,0,1,3,5.263,Football/Soccer,0
2020,Tokyo,Japan,Summer,Armenia,ARM,Europe/Asia,Low,3,Medium,2,0,2,1,3,5,150.0,Rowing,0
2020,Tokyo,Japan,Summer,Mongolia,MGL,Asia,Low,3,Medium,21,1,0,0,1,3,4.762,Tennis,0
2020,Tokyo,Japan,Summer,Indonesia,INA,Asia,Medium,275,Low,12,1,0,0,1,3,8.333,Pentathlon,0
2020,Tokyo,Japan,Summer,Philippines,PHI,Asia,Low,115,Low,18,0,0,2,2,2,11.111,Judo,0
2022,Beijing,China,Winter,United States,USA,North America,High,335,High,281,18,16,10,44,96,15.658,Curling,0
2022,Beijing,China,Winter,China,CHN,Asia,High,1411,High,396,19,20,16,55,113,13.889,Skeleton,1
2022,Beijing,China,Winter,Russia,RUS,Europe,Medium,144,High,122,3,3,6,12,21,9.836,Ski Jumping,0
2022,Beijing,China,Winter,Great Britain,GBR,Europe,High,67,High,191,7,8,4,19,41,9.948,Skeleton,0
2022,Beijing,China,Winter,Germany,GER,Europe,High,84,High,168,3,1,3,7,14,4.167,Speed Skating,0
2022,Beijing,China,Winter,Australia,AUS,Oceania,High,26,High,108,4,5,9,18,31,16.667,Bobsled,0
2022,Beijing,China,Winter,France,FRA,Europe,High,68,High,98,1,5,5,11,18,11.224,Ice Hockey,0
2022,Beijing,China,Winter,Japan,JPN,Asia,High,125,High,154,9,7,7,23,48,14.935,Ski Jumping,0
2022,Beijing,China,Winter,South Korea,KOR,Asia,High,52,Medium,91,6,3,7,16,31,17.582,Snowboard,0
2022,Beijing,China,Winter,Italy,ITA,Europe,High,59,Medium,89,4,4,1,9,21,10.112,Skeleton,0
2022,Beijing,China,Winter,Netherlands,NED,Europe,High,18,Medium,81,7,4,3,14,32,17.284,Luge,0
2022,Beijing,China,Winter,Hungary,HUN,Europe,Medium,10,High,50,3,3,2,8,17,16.0,Ski Jumping,0
2022,Beijing,China,Winter,Norway,NOR,Europe,High,5,High,79,3,6,6,15,27,18.987,Ice Hockey,0
2022,Beijing,China,Winter,Canada,CAN,North America,High,38,Medium,89,7,3,2,12,29,13.483,Alpine Skiing,0
2022,Beijing,China,Winter,New Zealand,NZL,Oceania,High,5,Medium,8,2,1,0,3,8,37.5,Biathlon,0
2022,Beijing,China,Winter,Spain,ESP,Europe,High,47,Medium,5,0,0,2,2,2,40.0,Ice Hockey,0
2022,Beijing,China,Winter,Ukraine,UKR,Europe,Medium,44,Medium,2,0,0,1,1,1,50.0,Snowboard,0
2022,Beijing,China,Winter,Denmark,DEN,Europe,High,6,Medium,40,1,3,2,6,11,15.0,Skeleton,0
2022,Beijing,China,Winter,Switzerland,SUI,Europe,High,9,Medium,23,1,3,0,4,9,17.391,Ice Hockey,0
2022,Beijing,China,Winter,Austria,AUT,Europe,High,9,Medium,3,0,0,3,3,3,100.0,Speed Skating,0
2022,Beijing,China,Winter,Belgium,BEL,Europe,High,11,Low,22,1,1,0,2,5,9.091,Snowboard,0
2022,Beijing,China,Winter,Poland,POL,Europe,Medium,38,Medium,43,0,0,1,1,1,2.326,Ice Hockey,0
2022,Beijing,China,Winter,Czech Republic,CZE,Europe,Medium,11,Medium,16,0,0,2,2,2,12.5,Freestyle Skiing,0
2022,Beijing,China,Winter,South Africa,RSA,Africa,Medium,60,Low,1,0,2,0,2,4,200.0,Curling,0
2022,Beijing,China,Winter,Argentina,ARG,South America,Medium,46,Low,5,2,0,0,2,6,40.0,Cross-Country Skiing,0
2022,Beijing,China,Winter,Mexico,MEX,North America,Medium,130,Low,32,1,0,0,1,3,3.125,Skeleton,0
2022,Beijing,China,Winter,Turkey,TUR,Europe/Asia,Medium,85,Medium,12,1,0,0,1,3,8.333,Snowboard,0
2022,Beijing,China,Winter,Iran,IRI,Asia,Medium,86,Medium,8,0,3,1,4,7,50.0,Speed Skating,0
2022,Beijing,China,Winter,Kazakhstan,KAZ,Asia,Medium,19,Medium,35,1,1,1,3,6,8.571,Cross-Country Skiing,0
2022,Beijing,China,Winter,Belarus,BLR,Europe,Medium,10,Medium,11,1,1,2,4,7,36.364,Skeleton,0
2022,Beijing,China,Winter,Greece,GRE,Europe,Medium,10,Low,14,1,0,1,2,4,14.286,Nordic Combined,0
2022,Beijing,China,Winter,Bahrain,BRN,Asia,High,2,Medium,1,0,1,0,1,2,100.0,Biathlon,0
2022,Beijing,China,Winter,Morocco,MAR,Africa,Low,37,Low,12,1,1,1,3,6,25.0,Figure Skating,0
2022,Beijing,China,Winter,Uganda,UGA,Africa,Low,47,Low,33,0,0,1,1,1,3.03,Biathlon Mixed Relay,0
2022,Beijing,China,Winter,Azerbaijan,AZE,Europe/Asia,Medium,10,Medium,6,0,0,1,1,1,16.667,Ice Hockey,0
2022,Beijing,China,Winter,Slovakia,SVK,Europe,Medium,5,Medium,24,1,1,0,2,5,8.333,Bobsled,0
2022,Beijing,China,Winter,Finland,FIN,Europe,High,6,Medium,34,0,2,0,2,4,5.882,Nordic Combined,0
2022,Beijing,China,Winter,Latvia,LAT,Europe,Medium,2,Medium,15,1,1,0,2,5,13.333,Snowboard,0
2022,Beijing,China,Winter,Estonia,EST,Europe,High,1,Medium,18,0,1,0,1,2,5.556,Curling,0
2022,Beijing,China,Winter,Lithuania,LTU,Europe,Medium,3,Medium,12,0,0,2,2,2,16.667,Curling,0
2022,Beijing,China,Winter,Uzbekistan,UZB,Asia,Low,35,Medium,32,0,1,0,1,2,3.125,Skeleton,0
2022,Beijing,China,Winter,Armenia,ARM,Europe/Asia,Low,3,Medium,19,0,1,0,1,2,5.263,Cross-Country Skiing,0
2022,Beijing,China,Winter,Mongolia,MGL,Asia,Low,3,Medium,10,0,1,2,3,4,30.0,Ski Jumping,0
2024,Paris,France,Summer,United States,USA,North America,High,335,High,296,13,10,11,34,70,11.486,Weightlifting,0
2024,Paris,France,Summer,China,CHN,Asia,High,1411,High,292,14,13,10,37,78,12.671,Weightlifting,0
2024,Paris,France,Summer,Russia,RUS,Europe,Medium,144,High,99,5,6,5,16,32,16.162,Equestrian,0
2024,Paris,France,Summer,Great Britain,GBR,Europe,High,67,High,205,8,7,9,24,47,11.707,Rowing,0
2024,Paris,France,Summer,Germany,GER,Europe,High,84,High,136,7,8,7,22,44,16.176,Boxing,0
2024,Paris,France,Summer,Australia,AUS,Oceania,High,26,High,117,6,3,4,13,28,11.111,Golf,0
2024,Paris,France,Summer,France,FRA,Europe,High,68,High,127,6,6,3,15,33,11.811,Athletics,1
2024,Paris,France,Summer,Japan,JPN,Asia,High,125,High,172,7,8,9,24,46,13.953,Volleyball,0
2024,Paris,France,Summer,South Korea,KOR,Asia,High,52,Medium,74,2,6,3,11,21,14.865,Table Tennis,0
2024,Paris,France,Summer,Italy,ITA,Europe,High,59,Medium,86,3,4,3,10,20,11.628,Weightlifting,0
2024,Paris,France,Summer,Netherlands,NED,Europe,High,18,Medium,72,3,1,3,7,14,9.722,Sport Climbing,0
2024,Paris,France,Summer,Hungary,HUN,Europe,Medium,10,High,76,3,1,1,5,12,6.579,Handball,0
2024,Paris,France,Summer,Norway,NOR,Europe,High,5,High,56,0,1,0,1,2,1.786,Gymnastics,0
2024,Paris,France,Summer,Canada,CAN,North America,High,38,Medium,50,4,4,2,10,22,20.0,Badminton,0
2024,Paris,France,Summer,New Zealand,NZL,Oceania,High,5,Medium,9,2,0,0,2,6,22.222,Sailing,0
2024,Paris,France,Summer,Cuba,CUB,North America,Low,11,High,19,0,0,2,2,2,10.526,Table Tennis,0
2024,Paris,France,Summer,Kenya,KEN,Africa,Low,55,Medium,64,0,1,0,1,2,1.562,Equestrian,0
2024,Paris,France,Summer,Ethiopia,ETH,Africa,Low,120,Low,19,0,1,0,1,2,5.263,Table Tennis,0
2024,Paris,France,Summer,Brazil,BRA,South America,Medium,215,Medium,11,0,1,0,1,2,9.091,Badminton,0
2024,Paris,France,Summer,Spain,ESP,Europe,High,47,Medium,15,2,0,0,2,6,13.333,Weightlifting,0
2024,Paris,France,Summer,Ukraine,UKR,Europe,Medium,44,Medium,1,2,0,1,3,7,300.0,Basketball,0
2024,Paris,France,Summer,Sweden,SWE,Europe,High,10,Medium,44,0,2,1,3,5,6.818,Canoe/Kayak,0
2024,Paris,France,Summer,Denmark,DEN,Europe,High,6,Medium,29,0,1,0,1,2,3.448,Badminton,0
2024,Paris,France,Summer,Switzerland,SUI,Europe,High,9,Medium,20,1,0,1,2,4,10.0,Volleyball,0
2024,Paris,France,Summer,Austria,AUT,Europe,High,9,Medium,32,2,2,2,6,12,18.75,Athletics,0
2024,Paris,France,Summer,Belgium,BEL,Europe,High,11,Low,4,1,0,0,1,3,25.0,Breakdancing,0
2024,Paris,France,Summer,Poland,POL,Europe,Medium,38,Medium,2,0,1,3,4,5,200.0,Skateboarding,0
2024,Paris,France,Summer,Czech Republic,CZE,Europe,Medium,11,Medium,14,0,2,2,4,6,28.571,Shooting,0
2024,Paris,France,Summer,Romania,ROU,Europe,Medium,19,Medium,37,1,0,0,1,3,2.703,Handball,0
2024,Paris,France,Summer,India,IND,Asia,Medium,1400,Low,31,0,0,2,2,2,6.452,Judo,0
2024,Paris,France,Summer,Argentina,ARG,South America,Medium,46,Low,44,1,0,0,1,3,2.273,Table Tennis,0
2024,Paris,France,Summer,Mexico,MEX,North America,Medium,130,Low,16,0,2,2,4,6,25.0,Breakdancing,0
2024,Paris,France,Summer,Turkey,TUR,Europe/Asia,Medium,85,Medium,13,0,1,1,2,3,15.385,Pentathlon,0
2024,Paris,France,Summer,Kazakhstan,KAZ,Asia,Medium,19,Medium,1,0,1,0,1,2,100.0,Judo,0
2024,Paris,France,Summer,Belarus,BLR,Europe,Medium,10,Medium,2,1,0,1,2,4,100.0,Wrestling,0
2024,Paris,France,Summer,Croatia,CRO,Europe,Medium,4,Medium,38,0,1,1,2,3,5.263,Table Tennis,0
2024,Paris,France,Summer,Greece,GRE,Europe,Medium,10,Low,3,0,0,1,1,1,33.333,Judo,0
2024,Paris,France,Summer,Bahrain,BRN,Asia,High,2,Medium,22,0,1,1,2,3,9.091,Skateboarding,0
2024,Paris,France,Summer,Morocco,MAR,Africa,Low,37,Low,29,1,2,0,3,7,10.345,Equestrian,0
2024,Paris,France,Summer,Uganda,UGA,Africa,Low,47,Low,21,0,1,1,2,3,9.524,Swimming,0
2024,Paris,France,Summer,Georgia,GEO,Europe/Asia,Low,4,Medium,50,2,0,1,3,7,6.0,Weightlifting,0
2024,Paris,France,Summer,Azerbaijan,AZE,Europe/Asia,Medium,10,Medium,33,1,0,2,3,5,9.091,Table Tennis,0
2024,Paris,France,Summer,Slovakia,SVK,Europe,Medium,5,Medium,37,0,0,1,1,1,2.703,Breakdancing,0
2024,Paris,France,Summer,Slovenia,SLO,Europe,High,2,Medium,32,0,0,1,1,1,3.125,Cycling,0
2024,Paris,France,Summer,Latvia,LAT,Europe,Medium,2,Medium,8,1,0,3,4,6,50.0,Weightlifting,0
2024,Paris,France,Summer,Estonia,EST,Europe,High,1,Medium,18,1,0,0,1,3,5.556,Archery,0
2024,Paris,France,Summer,Uzbekistan,UZB,Asia,Low,35,Medium,26,2,0,1,3,7,11.538,Gymnastics,0
2024,Paris,France,Summer,Thailand,THA,Asia,Medium,70,Low,34,0,1,1,2,3,5.882,Sailing,0
2024,Paris,France,Summer,Colombia,COL,South America,Medium,51,Low,35,1,2,4,7,11,20.0,Shooting,0
2024,Paris,France,Summer,Mongolia,MGL,Asia,Low,3,Medium,25,0,1,1,2,3,8.0,Cycling,0
2024,Paris,France,Summer,Indonesia,INA,Asia,Medium,275,Low,15,1,0,0,1,3,6.667,Surfing,0
2024,Paris,France,Summer,Philippines,PHI,Asia,Low,115,Low,1,0,4,2,6,10,600.0,Hockey (Field),0
2026,Milan-Cortina,Italy,Winter,United States,USA,North America,High,335,High,274,15,9,14,38,77,13.869,Curling,0
2026,Milan-Cortina,Italy,Winter,China,CHN,Asia,High,1411,High,305,12,11,11,34,69,11.148,Biathlon,0
2026,Milan-Cortina,Italy,Winter,Russia,RUS,Europe,Medium,144,High,117,5,6,6,17,33,14.53,Alpine Skiing,0
2026,Milan-Cortina,Italy,Winter,Great Britain,GBR,Europe,High,67,High,193,6,9,9,24,45,12.435,Curling,0
2026,Milan-Cortina,Italy,Winter,Germany,GER,Europe,High,84,High,141,4,7,6,17,32,12.057,Freestyle Skiing,0
2026,Milan-Cortina,Italy,Winter,Australia,AUS,Oceania,High,26,High,134,3,8,6,17,31,12.687,Cross-Country Skiing,0
2026,Milan-Cortina,Italy,Winter,France,FRA,Europe,High,68,High,98,2,7,6,15,26,15.306,Bobsled,0
2026,Milan-Cortina,Italy,Winter,Japan,JPN,Asia,High,125,High,164,3,4,12,19,29,11.585,Nordic Combined,0
2026,Milan-Cortina,Italy,Winter,South Korea,KOR,Asia,High,52,Medium,77,4,4,3,11,23,14.286,Ice Hockey,0
2026,Milan-Cortina,Italy,Winter,Italy,ITA,Europe,High,59,Medium,106,3,5,6,14,25,13.208,Ski Jumping,1
2026,Milan-Cortina,Italy,Winter,Netherlands,NED,Europe,High,18,Medium,67,3,6,3,12,24,17.91,Figure Skating,0
2026,Milan-Cortina,Italy,Winter,Hungary,HUN,Europe,Medium,10,High,51,7,4,7,18,36,35.294,Luge,0
2026,Milan-Cortina,Italy,Winter,Norway,NOR,Europe,High,5,High,67,2,2,6,10,16,14.925,Biathlon,0
2026,Milan-Cortina,Italy,Winter,Canada,CAN,North America,High,38,Medium,88,5,2,3,10,22,11.364,Cross-Country Skiing,0
2026,Milan-Cortina,Italy,Winter,New Zealand,NZL,Oceania,High,5,Medium,51,1,0,1,2,4,3.922,Biathlon,0
2026,Milan-Cortina,Italy,Winter,Spain,ESP,Europe,High,47,Medium,6,1,1,1,3,6,50.0,Freestyle Skiing,0
2026,Milan-Cortina,Italy,Winter,Ukraine,UKR,Europe,Medium,44,Medium,12,1,1,1,3,6,25.0,Figure Skating,0
2026,Milan-Cortina,Italy,Winter,Sweden,SWE,Europe,High,10,Medium,15,0,2,0,2,4,13.333,Speed Skating,0
2026,Milan-Cortina,Italy,Winter,Denmark,DEN,Europe,High,6,Medium,18,0,2,3,5,7,27.778,Speed Skating,0
2026,Milan-Cortina,Italy,Winter,Switzerland,SUI,Europe,High,9,Medium,1,0,1,0,1,2,100.0,Freestyle Skiing,0
2026,Milan-Cortina,Italy,Winter,Belgium,BEL,Europe,High,11,Low,8,0,1,0,1,2,12.5,Luge,0
2026,Milan-Cortina,Italy,Winter,Poland,POL,Europe,Medium,38,Medium,19,0,1,0,1,2,5.263,Bobsled,0
2026,Milan-Cortina,Italy,Winter,Romania,ROU,Europe,Medium,19,Medium,18,1,0,2,3,5,16.667,Short Track,0
2026,Milan-Cortina,Italy,Winter,South Africa,RSA,Africa,Medium,60,Low,33,2,0,0,2,6,6.061,Curling,0
2026,Milan-Cortina,Italy,Winter,Argentina,ARG,South America,Medium,46,Low,6,1,0,0,1,3,16.667,Figure Skating,0
2026,Milan-Cortina,Italy,Winter,Mexico,MEX,North America,Medium,130,Low,19,1,2,0,3,7,15.789,Figure Skating,0
2026,Milan-Cortina,Italy,Winter,Turkey,TUR,Europe/Asia,Medium,85,Medium,45,0,1,0,1,2,2.222,Bobsled,0
2026,Milan-Cortina,Italy,Winter,Iran,IRI,Asia,Medium,86,Medium,8,2,0,1,3,7,37.5,Ice Hockey,0
2026,Milan-Cortina,Italy,Winter,Kazakhstan,KAZ,Asia,Medium,19,Medium,47,0,1,3,4,5,8.511,Ice Hockey,0
2026,Milan-Cortina,Italy,Winter,Belarus,BLR,Europe,Medium,10,Medium,40,1,4,0,5,11,12.5,Snowboard,0
2026,Milan-Cortina,Italy,Winter,Croatia,CRO,Europe,Medium,4,Medium,27,0,0,2,2,2,7.407,Ski Jumping,0
2026,Milan-Cortina,Italy,Winter,Greece,GRE,Europe,Medium,10,Low,51,0,1,2,3,4,5.882,Short Track,0
2026,Milan-Cortina,Italy,Winter,North Korea,PRK,Asia,Low,26,High,39,1,2,2,5,9,12.821,Cross-Country Skiing,0
2026,Milan-Cortina,Italy,Winter,Bahrain,BRN,Asia,High,2,Medium,1,0,1,1,2,3,200.0,Short Track,0
2026,Milan-Cortina,Italy,Winter,Morocco,MAR,Africa,Low,37,Low,36,1,2,1,4,8,11.111,Biathlon,0
2026,Milan-Cortina,Italy,Winter,Uganda,UGA,Africa,Low,47,Low,37,0,2,0,2,4,5.405,Biathlon Mixed Relay,0
2026,Milan-Cortina,Italy,Winter,Georgia,GEO,Europe/Asia,Low,4,Medium,21,1,0,0,1,3,4.762,Cross-Country Skiing,0
2026,Milan-Cortina,Italy,Winter,Azerbaijan,AZE,Europe/Asia,Medium,10,Medium,19,0,1,0,1,2,5.263,Ski Jumping,0
2026,Milan-Cortina,Italy,Winter,Slovakia,SVK,Europe,Medium,5,Medium,10,0,1,0,1,2,10.0,Biathlon,0
2026,Milan-Cortina,Italy,Winter,Finland,FIN,Europe,High,6,Medium,41,1,0,1,2,4,4.878,Ice Hockey,0
2026,Milan-Cortina,Italy,Winter,Slovenia,SLO,Europe,High,2,Medium,9,0,1,2,3,4,33.333,Figure Skating,0
2026,Milan-Cortina,Italy,Winter,Latvia,LAT,Europe,Medium,2,Medium,25,1,1,1,3,6,12.0,Short Track,0
2026,Milan-Cortina,Italy,Winter,Estonia,EST,Europe,High,1,Medium,7,1,0,0,1,3,14.286,Bobsled,0
2026,Milan-Cortina,Italy,Winter,Lithuania,LTU,Europe,Medium,3,Medium,19,1,0,1,2,4,10.526,Curling,0
2026,Milan-Cortina,Italy,Winter,Uzbekistan,UZB,Asia,Low,35,Medium,45,0,0,1,1,1,2.222,Snowboard,0
2026,Milan-Cortina,Italy,Winter,Armenia,ARM,Europe/Asia,Low,3,Medium,2,1,0,1,2,4,100.0,Ski Jumping,0
2026,Milan-Cortina,Italy,Winter,Mongolia,MGL,Asia,Low,3,Medium,31,2,0,1,3,7,9.677,Bobsled,0
